Workbook

Sheet 0_Overview
A1: Car Price Analysis
A3: Project Summary
A5: Raw rows | B5: =COUNTA('1_Raw_Data'!A:A)-1 -> 2500
A6: Clean rows | B6: =COUNTA('2_Clean_Data'!A:A)-1 -> 2500
A7: Distinct Sale IDs | B7: =SUM('2_Clean_Data'!R2:R2501) -> 598
A8: Average Selling Price | B8: =AVERAGE('2_Clean_Data'!E2:E2501) -> 13359.012
A9: Average Price Difference | B9: =AVERAGE('2_Clean_Data'!G2:G2501) -> 4018.1876
A10: Rows with Duplicate Sale IDs | B10: =COUNTIF('2_Clean_Data'!P2:P2501,"Duplicate ID") -> 2462
A13: What this workbook demonstrates
A14: • Raw data is preserved for transparency, while headers and layout are cleaned for readability.
A15: • Clean_Data standardizes text, dates, numbers, regions, colors, and owner values.
A16: • Duplicate Sale IDs are flagged instead of deleted, so no transaction rows are lost.
A17: • Summary tables and charts are linked directly to the cleaned dataset.
A20: Key cleaning rules
A21: • 7 car model names standardized.
A22: • Fuel Type, Transmission, Seller Type, Region, and Color normalized.
A23: • Currency and km text removed from numeric fields.
A24: • Outliers and duplicate Sale IDs flagged with formulas.

Sheet 1_Raw_Data
A1: Sale_Id | B1: Sale_Date | C1: Car_Model | D1: Year | E1: Selling_Price | F1: Present_Price | G1: Km_Driven | H1: Fuel_Type | I1: Transmission | J1: Seller_Type | K1: Region | L1: Color | M1: Owner
A2: 1104 | B2: 2021-10-13 | C2: Honda Civic | D2: 2014 | E2: 15172 | F2: 18000 | G2: 25000 km | H2: Electric | I2: Manual | J2: Dealer | K2: EU | L2: white | M2: 1
A3: 1429 | B3: 2024-01-22 | C3: Toyota Corolla | D3: 2022 | E3: 8677 | F3: 15000 | G3: 120000 | H3: Petrol | I3: manual | J3: private | K3: asia | L3: Silver | M3: 1
A4: 1367 | B4: 2021-07-18 | C4: focus | D4: 2019 | E4: 4888 | F4: 9000 | G4: 15000 | J4: Dealer | K4: South America | L4: black
A5: 1046 | B5: 2021-05-23 | C5: Audi A4 | D5: 2018 | E5: 19425 | F5: 22000 | G5: 80000 | H5: diesel | I5: Manual | J5: private | K5: Asia | L5: blue | M5: 2
A6: 1073 | B6: 2022-07-01 | C6: Ford Focus | D6: 2019 | E6: 15510 | F6: 22000 | G6: 25000 | H6: Diesel | I6: automatic | J6: private | K6: Asia | M6: 1
A7: 1274 | B7: 2023-04-02 | C7: audi a4 | D7: 2014 | E7: $11416 | F7: 15000 | G7: 15000 | H7: hybrid | I7: manual | J7: private | K7: South America | L7: blue | M7: 1
A8: 1269 | B8: 2024-01-09 | C8: bmw 3 series | D8: 2016 | E8: 9402 | F8: 15000 | G8: 120000 | H8: hybrid | I8: manual | J8: dealer | L8: blue | M8: 0
A9: 1065 | B9: 2023-05-15 | C9: toyota corolla | D9: 2015 | E9: 9690 | F9: 12000 | G9: 120000 | H9: Hybrid | J9: Dealer | K9: EU | M9: 2
A10: 1003 | B10: 2023-07-19 | C10: audi a4 | D10: 2015 | E10: 15705 | F10: 18000 | G10: 60000 | H10: Diesel | J10: Dealer | K10: Asia
A11: 1000 | B11: 2023-12-23 | C11: focus | D11: 2016 | E11: 16582 | F11: 22000 | G11: 25000 km | H11: hybrid | I11: Automatic | J11: dealer | K11: Europe | L11: white
A12: 1131 | B12: 2021-09-15 | C12: Corolla | D12: 2015 | E12: 25637 | F12: 31000 | G12: 15000 km | H12: Electric | I12: manual | K12: north america | L12: Silver | M12: 3
A13: 1065 | B13: 2022-04-06 | C13: Volkswagen Golf | D13: 2021 | E13: 27970 | F13: 31000 | G13: 15000 km | H13: diesel | I13: Manual | J13: Dealer | K13: Europe | L13: white | M13: 0
A14: 1497 | B14: 2022-07-25 | C14: toyota corolla | D14: 2019 | E14: 6051 | F14: 9000 usd | G14: 80000 | I14: manual | J14: private | K14: South America | L14: white | M14: 0
A15: 1478 | B15: 2023-04-22 | C15: Honda Civic | D15: 2018 | E15: 21531 | F15: 26000 usd | G15: 40000 | H15: petrol | I15: Manual | J15: private | K15: asia | L15: black | M15: 1
A16: 1285 | B16: 2022-01-11 | C16: focus | D16: 2017 | E16: 26544 | F16: 31000 | G16: 25000 km | H16: petrol | I16: Manual | K16: Europe | L16: black | M16: 1
A17: 1060 | B17: 2023-04-02 | C17: Ford Focus | D17: 2020 | E17: $28249 | F17: 31000 usd | G17: 60000 | I17: Automatic | J17: private | L17: blue | M17: 1
A18: 1062 | B18: 2024-01-16 | C18: focus | D18: 2018 | E18: 9256 | F18: 15000 usd | G18: 15000 | H18: Diesel | I18: Manual | K18: EU | L18: White | M18: 0
A19: 1252 | B19: 2024-03-12 | C19: Corolla | D19: 2018 | E19: 13018 | F19: 15000 usd | G19: 60000 km | H19: hybrid | I19: Automatic | J19: dealer | K19: asia | L19: white | M19: 2
A20: 1009 | B20: 2021-05-29 | C20: golf | D20: 2016 | E20: 14410 | F20: 18000 | G20: 60000 | H20: petrol | J20: dealer | L20: Silver | M20: 1
A21: 1448 | B21: 2021-11-20 | C21: Volkswagen Golf | D21: 2015 | E21: 11666 | F21: 15000 | G21: 40000 | H21: Petrol | J21: Private | K21: EU | L21: White | M21: 2
A22: 1351 | B22: 2022-03-08 | C22: Honda Civic | D22: 2015 | E22: 8692 | F22: 12000 | G22: 40000 | I22: Automatic | J22: Dealer | K22: EU | L22: Blue | M22: 2
A23: 1165 | B23: 2022-06-21 | C23: toyota corolla | D23: 2014 | E23: 15781 | F23: 22000 | G23: 25000 | H23: Petrol | I23: Manual | J23: Dealer | K23: North America | M23: 0
A24: 1315 | B24: 2021-03-27 | C24: Volkswagen Golf | E24: 9956 | F24: 12000 | G24: 60000 | H24: Petrol | I24: Automatic | J24: dealer | K24: north america | L24: black | M24: 2
A25: 1422 | B25: 2021-12-29 | C25: Mercedes C Class | E25: $9669 | F25: 12000 | G25: 25000 | H25: Electric | I25: manual | J25: Private | K25: North America | L25: black | M25: 3
A26: 1312 | B26: 2022-12-18 | C26: toyota corolla | D26: 2021 | E26: 10230 | F26: 15000 | G26: 25000 km | H26: diesel | I26: automatic | J26: Private | K26: Asia | L26: black | M26: 2
A27: 1028 | B27: 2022-11-10 | C27: Volkswagen Golf | D27: 2018 | E27: $20608 | F27: 26000 | G27: 120000 km | H27: Hybrid | I27: Manual | J27: Dealer | K27: South America | L27: silver | M27: 2
A28: 1260 | B28: 2022-01-25 | C28: Mercedes C Class | E28: $3277 | F28: 9000 | G28: 60000 | H28: diesel | I28: Automatic | J28: private | K28: EU | L28: silver
A29: 1316 | B29: 2023-11-05 | C29: audi a4 | D29: 2018 | E29: 5540 | F29: 9000 | G29: 120000 | H29: Diesel | I29: manual | J29: private | K29: South America | L29: White
A30: 1440 | B30: 2022-03-07 | C30: Audi A4 | D30: 2020 | E30: 3650 | F30: 7000 | G30: 40000 | I30: automatic | J30: dealer | L30: blue | M30: 1
A31: 1230 | B31: 2022-09-28 | C31: Corolla | D31: 2018 | E31: 19076 | F31: 22000 usd | G31: 15000 km | J31: Dealer | K31: SA | L31: Blue
A32: 1005 | B32: 2021-10-30 | C32: focus | D32: 2020 | E32: 28002 | F32: 31000 | G32: 60000 | H32: Electric | I32: manual | J32: dealer | L32: blue | M32: 0
A33: 1572 | B33: 2023-12-24 | C33: BMW 3 Series | D33: 2015 | E33: 26194 | F33: 31000 | G33: 25000 | H33: Electric | J33: private | K33: North America | L33: blue | M33: 3
A34: 1281 | B34: 2022-05-05 | C34: bmw 3 series | D34: 2017 | E34: 13031 | F34: 18000 | G34: 80000 km | H34: hybrid | I34: Automatic | K34: EU | L34: White | M34: 1
A35: 1424 | B35: 2021-05-12 | C35: BMW 3 Series | D35: 2020 | E35: 9248 | F35: 12000 | G35: 120000 | H35: diesel | I35: automatic | J35: private | K35: Europe | L35: Blue | M35: 3
A36: 1559 | B36: 2024-01-08 | C36: Toyota Corolla | D36: 2019 | E36: 13568 | F36: 18000 | G36: 60000 | H36: Hybrid | I36: automatic | J36: private | K36: Europe | L36: Blue | M36: 2
A37: 1027 | B37: 2023-12-30 | C37: golf | D37: 2016 | E37: 24903 | F37: 31000 | G37: 25000 | H37: petrol | I37: automatic | J37: dealer | K37: SA | L37: White | M37: 0
A38: 1345 | B38: 2022-11-01 | C38: bmw 3 series | D38: 2020 | E38: 17276 | F38: 22000 | G38: 25000 | H38: Electric | I38: Automatic | J38: Dealer | K38: SA | L38: Black
A39: 1031 | B39: 2021-03-24 | C39: toyota corolla | D39: 2019 | E39: 13438 | F39: 15000 | G39: 120000 km | H39: Diesel | I39: manual | J39: dealer | K39: SA | L39: black
A40: 1167 | B40: 2021-08-23 | C40: focus | D40: 2021 | E40: 15626 | F40: 18000 usd | G40: 40000 km | H40: Hybrid | J40: private | K40: South America | L40: white | M40: 0
A41: 1579 | B41: 2021-09-05 | C41: BMW 3 Series | D41: 2015 | E41: 12082 | F41: 18000 | G41: 120000 | H41: hybrid | I41: Manual | K41: asia | L41: Black | M41: 3
A42: 1156 | B42: 2023-07-31 | C42: C-Class | D42: 2015 | E42: 19794 | F42: 26000 | G42: 40000 | H42: Hybrid | K42: SA | L42: blue | M42: 3
A43: 1249 | B43: 2023-07-13 | C43: bmw 3 series | D43: 2019 | E43: 11716 | F43: 15000 | G43: 15000 | H43: hybrid | I43: Manual | J43: private | K43: asia | L43: White | M43: 3
A44: 1569 | B44: 2022-07-20 | C44: focus | D44: 2019 | E44: $14710 | F44: 18000 | G44: 40000 km | H44: Electric | I44: automatic | K44: north america | L44: blue | M44: 3
A45: 1249 | B45: 2023-04-09 | C45: mercedes c class | D45: 2014 | E45: 6185 | F45: 9000 | G45: 40000 | H45: hybrid | I45: automatic | K45: asia | L45: silver | M45: 3
A46: 1323 | B46: 2022-01-30 | C46: bmw 3 series | D46: 2018 | E46: $16012 | F46: 18000 | G46: 25000 | H46: Diesel | I46: manual | J46: dealer | K46: SA | L46: Silver
A47: 1183 | B47: 2023-01-10 | C47: Audi A4 | D47: 2015 | E47: 12137 | F47: 15000 | G47: 40000 km | H47: Petrol | I47: Manual | K47: Asia | L47: White | M47: 3
A48: 1348 | B48: 2023-06-22 | C48: Honda Civic | D48: 2014 | E48: $13079 | F48: 18000 usd | G48: 60000 | I48: Manual | J48: Dealer | K48: South America | L48: blue | M48: 0
A49: 1254 | B49: 2021-06-24 | C49: toyota corolla | D49: 2016 | E49: $8511 | F49: 12000 | G49: 80000 | H49: diesel | J49: private | K49: SA | L49: blue | M49: 2
A50: 1216 | B50: 2022-03-02 | C50: Mercedes C Class | D50: 2018 | E50: 5188 | F50: 7000 usd | G50: 80000 km | H50: petrol | I50: manual | J50: Dealer | K50: South America | L50: blue
A51: 1464 | B51: 2022-08-03 | C51: C-Class | D51: 2018 | E51: $3640 | F51: 7000 | G51: 25000 | H51: diesel | I51: automatic | J51: Dealer | L51: white | M51: 1
A52: 1582 | B52: 2022-09-22 | C52: bmw 3 series | D52: 2016 | E52: 6641 | F52: 9000 | G52: 15000 | H52: Hybrid | I52: automatic | J52: Private | M52: 3
A53: 1026 | B53: 2022-05-28 | C53: mercedes c class | D53: 2015 | E53: $3360 | F53: 7000 | G53: 60000 | H53: Petrol | I53: Automatic | K53: Europe | L53: White | M53: 3
A54: 1093 | B54: 2023-10-05 | C54: mercedes c class | D54: 2018 | E54: 7430 | F54: 12000 | G54: 80000 | H54: petrol | I54: manual | J54: Private | K54: South America | L54: blue | M54: 2
A55: 1258 | B55: 2022-10-07 | C55: golf | D55: 2022 | E55: 5279 | F55: 7000 | G55: 60000 | H55: Petrol | J55: private | K55: South America | L55: Black | M55: 1
A56: 1208 | B56: 2021-04-16 | C56: Volkswagen Golf | E56: 26379 | F56: 31000 usd | G56: 120000 | I56: Manual | J56: Dealer | K56: north america | L56: White | M56: 2
A57: 1472 | B57: 2021-08-21 | C57: Toyota Corolla | D57: 2022 | E57: 23160 | F57: 26000 | G57: 15000 km | H57: Hybrid | J57: Private | K57: South America | L57: blue | M57: 3
A58: 1139 | B58: 2023-11-07 | C58: BMW 3 Series | D58: 2021 | E58: 9439 | F58: 12000 | G58: 60000 | H58: Electric | I58: Automatic | K58: Asia | L58: Black | M58: 2
A59: 1495 | B59: 2024-01-09 | C59: Audi A4 | E59: 26342 | F59: 31000 | G59: 25000 | I59: Automatic | J59: dealer | K59: north america | L59: Blue | M59: 1
A60: 1395 | B60: 2023-02-20 | C60: Mercedes C Class | D60: 2014 | E60: 17126 | F60: 22000 | G60: 120000 | H60: Diesel | I60: automatic | J60: Dealer | K60: North America
A61: 1015 | B61: 2023-07-25 | C61: audi a4 | D61: 2015 | E61: 25692 | F61: 31000 | G61: 15000 | H61: Diesel | I61: Manual | J61: private | K61: Asia | L61: silver
A62: 1389 | B62: 2023-12-29 | C62: golf | D62: 2018 | E62: 2476 | F62: 9000 | G62: 40000 | J62: Dealer | K62: EU | L62: white | M62: 2
A63: 1454 | B63: 2021-07-25 | C63: BMW 3 Series | D63: 2015 | E63: $19809 | F63: 26000 | G63: 15000 km | H63: hybrid | I63: Manual | J63: Private | K63: asia | L63: silver | M63: 3
A64: 1174 | B64: 2022-01-04 | C64: honda civic | D64: 2017 | E64: $19415 | F64: 26000 | G64: 80000 | H64: diesel | I64: automatic | K64: North America | L64: white | M64: 3
A65: 1294 | B65: 2023-08-11 | C65: bmw 3 series | D65: 2021 | E65: 16924 | F65: 18000 | G65: 120000 | H65: hybrid | J65: Private | K65: South America | L65: Silver | M65: 3
A66: 1390 | B66: 2022-05-01 | C66: Audi A4 | D66: 2017 | E66: 24127 | F66: 26000 | G66: 60000 | H66: Hybrid | I66: Manual | J66: private | K66: Asia | L66: Black
A67: 1224 | B67: 2022-12-23 | C67: toyota corolla | E67: 28115 | F67: 31000 | G67: 40000 | H67: Diesel | I67: Manual | J67: Dealer | K67: Asia | L67: blue | M67: 0
A68: 1179 | B68: 2023-05-01 | C68: Volkswagen Golf | D68: 2016 | E68: 5324 | F68: 9000 | G68: 40000 | H68: hybrid | K68: Asia | L68: White | M68: 2
A69: 1144 | B69: 2021-06-04 | C69: C-Class | D69: 2018 | E69: 17164 | F69: 22000 | G69: 15000 | H69: Electric | J69: Private | K69: EU | L69: Blue | M69: 0
A70: 1598 | B70: 2022-06-21 | C70: bmw 3 series | D70: 2022 | E70: 4981 | F70: 9000 | G70: 60000 | H70: diesel | I70: automatic | J70: Dealer | L70: silver
A71: 1418 | B71: 2022-09-11 | C71: BMW 3 Series | D71: 2018 | E71: $4197 | F71: 9000 usd | G71: 120000 km | I71: Manual | J71: Dealer | K71: north america | M71: 1
A72: 1429 | B72: 2024-01-12 | C72: golf | D72: 2021 | E72: 15295 | F72: 22000 | G72: 120000 | H72: petrol | I72: automatic | K72: South America | L72: Silver | M72: 0
A73: 1101 | B73: 2023-01-13 | C73: Volkswagen Golf | D73: 2017 | E73: 28066 | F73: 31000 | G73: 60000 | H73: hybrid | I73: Manual | J73: private | K73: Asia | L73: white | M73: 0
A74: 1051 | B74: 2021-02-13 | C74: mercedes c class | D74: 2015 | E74: 8762 | F74: 15000 | G74: 120000 km | H74: diesel | I74: Manual | K74: north america | L74: white | M74: 1
A75: 1553 | B75: 2021-09-24 | C75: audi a4 | D75: 2016 | E75: 4815 | F75: 7000 | G75: 40000 | H75: Petrol | I75: manual | J75: Dealer | K75: asia | L75: white
A76: 1431 | B76: 2021-09-17 | C76: audi a4 | D76: 2014 | E76: 10571 | F76: 12000 | G76: 40000 | H76: hybrid | K76: EU | L76: blue
A77: 1308 | B77: 2023-12-04 | C77: BMW 3 Series | E77: 603 | F77: 7000 | G77: 120000 km | I77: automatic | J77: private | K77: EU | L77: blue | M77: 3
A78: 1129 | B78: 2021-05-15 | C78: Corolla | D78: 2015 | E78: 19785 | F78: 22000 | G78: 80000 | H78: hybrid | I78: automatic | L78: Silver | M78: 3
A79: 1220 | B79: 2024-02-04 | C79: Mercedes C Class | D79: 2015 | E79: 2668 | F79: 9000 | G79: 120000 | I79: automatic | J79: private | K79: EU | L79: silver | M79: 3
A80: 1068 | B80: 2023-08-30 | C80: audi a4 | D80: 2018 | E80: $15750 | F80: 18000 usd | G80: 40000 | H80: hybrid | I80: manual | K80: Europe
A81: 1052 | B81: 2023-05-17 | C81: audi a4 | D81: 2018 | E81: 5104 | F81: 9000 | G81: 60000 | H81: diesel | I81: manual | J81: private | K81: north america | L81: black | M81: 2
A82: 1574 | B82: 2023-05-29 | C82: Volkswagen Golf | D82: 2015 | E82: 15148 | F82: 18000 | G82: 80000 | H82: Petrol | J82: Private | K82: Europe | L82: White | M82: 2
A83: 1579 | B83: 2021-10-21 | C83: Audi A4 | D83: 2019 | E83: 19514 | F83: 22000 usd | G83: 15000 | H83: Petrol | I83: Manual | K83: north america | L83: Blue | M83: 3
A84: 1581 | B84: 2022-10-27 | C84: mercedes c class | D84: 2019 | E84: 8448 | F84: 12000 | G84: 40000 km | H84: Petrol | I84: Manual | J84: Private | K84: SA | L84: Blue | M84: 3
A85: 1353 | B85: 2021-08-22 | C85: mercedes c class | D85: 2020 | E85: 12803 | F85: 18000 | G85: 25000 | J85: Private | K85: Europe | L85: white | M85: 3
A86: 1261 | B86: 2021-10-09 | C86: toyota corolla | D86: 2014 | E86: 12270 | F86: 15000 usd | G86: 40000 | H86: Electric | I86: manual | J86: dealer | K86: South America | M86: 1
A87: 1019 | B87: 2023-06-13 | C87: Volkswagen Golf | D87: 2015 | E87: 24654 | F87: 26000 usd | G87: 120000 | H87: Electric | J87: private | K87: South America | L87: Silver | M87: 0
A88: 1370 | B88: 2023-08-01 | C88: golf | D88: 2014 | E88: $15937 | F88: 22000 | G88: 25000 km | H88: Electric | J88: Dealer | K88: South America | L88: Silver | M88: 2
A89: 1543 | B89: 2021-08-22 | C89: BMW 3 Series | D89: 2019 | E89: 6819 | F89: 12000 | G89: 15000 | H89: Diesel | I89: manual | J89: Dealer | K89: North America | L89: Silver | M89: 1
A90: 1505 | B90: 2021-12-29 | C90: Ford Focus | E90: 10383 | F90: 12000 | G90: 120000 | H90: hybrid | I90: Automatic | J90: dealer | K90: SA | L90: black | M90: 3
A91: 1360 | B91: 2021-04-26 | C91: mercedes c class | D91: 2018 | E91: 12156 | F91: 18000 | G91: 40000 | H91: Petrol | I91: Automatic | J91: Private | K91: EU | L91: black
A92: 1329 | B92: 2022-01-21 | C92: golf | D92: 2021 | E92: 1317 | F92: 7000 | G92: 60000 | I92: Manual | J92: Private | K92: EU | M92: 1
A93: 1162 | B93: 2023-12-07 | C93: toyota corolla | D93: 2017 | E93: 25707 | F93: 31000 | G93: 60000 | H93: hybrid | J93: Dealer | K93: asia | L93: black | M93: 2
A94: 1341 | B94: 2021-11-04 | C94: Honda Civic | D94: 2022 | E94: $22936 | F94: 26000 | G94: 40000 | H94: Hybrid | I94: automatic | J94: dealer | K94: EU | L94: Silver
A95: 1095 | B95: 2023-12-15 | C95: golf | D95: 2018 | E95: 15511 | F95: 22000 | G95: 25000 | H95: hybrid | I95: Automatic | J95: dealer | K95: north america | L95: silver | M95: 3
A96: 1103 | B96: 2022-08-29 | C96: focus | D96: 2017 | E96: 10368 | F96: 12000 | G96: 25000 | H96: Petrol | I96: Automatic | K96: North America | L96: Blue | M96: 1
A97: 1420 | B97: 2021-03-31 | C97: Ford Focus | D97: 2016 | E97: 7415 | F97: 12000 | G97: 120000 | H97: Hybrid | I97: automatic | J97: dealer | L97: white | M97: 2
A98: 1472 | B98: 2023-06-22 | C98: C-Class | D98: 2017 | E98: 16328 | F98: 22000 | G98: 120000 | H98: Electric | I98: manual | J98: dealer | K98: North America | L98: Silver | M98: 0
A99: 1291 | B99: 2021-09-13 | C99: C-Class | D99: 2019 | E99: $3774 | F99: 9000 | G99: 120000 | H99: Diesel | I99: automatic | J99: Dealer | K99: north america | L99: blue | M99: 2
A100: 1241 | B100: 2023-02-05 | C100: Toyota Corolla | D100: 2020 | E100: 1888 | F100: 7000 usd | G100: 60000 km | H100: hybrid | I100: Manual | J100: Private | K100: North America | L100: White | M100: 0
...

Sheet 2_Clean_Data
A1: Sale_Id | B1: Sale_Date | C1: Car_Model | D1: Year | E1: Selling_Price | F1: Present_Price | G1: Price_Difference | H1: Km_Driven | I1: Fuel_Type | J1: Transmission | K1: Seller_Type | L1: Region | M1: Color | N1: Owner | O1: Outlier_Flag | P1: Duplicate_Sale_ID_Flag | Q1: Price_Range | R1: Unique_Sale_ID_Flag
A2: 1104 | B2: 44482 | C2: Honda Civic | D2: 2014 | E2: 15172 | F2: 18000 | G2: =IF(OR(F2="",E2=""),"",F2-E2) -> 2828 | H2: 25000 | I2: Electric | J2: Manual | K2: Dealer | L2: Europe | M2: White | N2: 1 | O2: =IF(E2<1000,"Outlier","Normal") -> Normal | P2: =IF(COUNTIF($A$2:$A$2501,A2)>1,"Duplicate ID","Unique ID") -> Duplicate ID | Q2: =IF(E2<5000,"0-4,999",IF(E2<10000,"5,000-9,999",IF(E2<15000,"10,000-14,999",IF(E2<20000,"15,000-19,999",IF(E2<25000,"20,000-24,999","25,000-30,000"))))) -> 15,000-19,999 | R2: =IF(COUNTIF($A$2:A2,A2)=1,1,0) -> 1
A3: 1429 | B3: 45313 | C3: Toyota Corolla | D3: 2022 | E3: 8677 | F3: 15000 | G3: =IF(OR(F3="",E3=""),"",F3-E3) -> 6323 | H3: 120000 | I3: Petrol | J3: Manual | K3: Private | L3: Asia | M3: Silver | N3: 1 | O3: =IF(E3<1000,"Outlier","Normal") -> Normal | P3: =IF(COUNTIF($A$2:$A$2501,A3)>1,"Duplicate ID","Unique ID") -> Duplicate ID | Q3: =IF(E3<5000,"0-4,999",IF(E3<10000,"5,000-9,999",IF(E3<15000,"10,000-14,999",IF(E3<20000,"15,000-19,999",IF(E3<25000,"20,000-24,999","25,000-30,000"))))) -> 5,000-9,999 | R3: =IF(COUNTIF($A$2:A3,A3)=1,1,0) -> 1
A4: 1367 | B4: 44395 | C4: Ford Focus | D4: 2019 | E4: 4888 | F4: 9000 | G4: =IF(OR(F4="",E4=""),"",F4-E4) -> 4112 | H4: 15000 | I4: Unknown | J4: Unknown | K4: Dealer | L4: South America | M4: Black | N4: Unknown | O4: =IF(E4<1000,"Outlier","Normal") -> Normal | P4: =IF(COUNTIF($A$2:$A$2501,A4)>1,"Duplicate ID","Unique ID") -> Duplicate ID | Q4: =IF(E4<5000,"0-4,999",IF(E4<10000,"5,000-9,999",IF(E4<15000,"10,000-14,999",IF(E4<20000,"15,000-19,999",IF(E4<25000,"20,000-24,999","25,000-30,000"))))) -> 0-4,999 | R4: =IF(COUNTIF($A$2:A4,A4)=1,1,0) -> 1
A5: 1046 | B5: 44339 | C5: Audi A4 | D5: 2018 | E5: 19425 | F5: 22000 | G5: =IF(OR(F5="",E5=""),"",F5-E5) -> 2575 | H5: 80000 | I5: Diesel | J5: Manual | K5: Private | L5: Asia | M5: Blue | N5: 2 | O5: =IF(E5<1000,"Outlier","Normal") -> Normal | P5: =IF(COUNTIF($A$2:$A$2501,A5)>1,"Duplicate ID","Unique ID") -> Duplicate ID | Q5: =IF(E5<5000,"0-4,999",IF(E5<10000,"5,000-9,999",IF(E5<15000,"10,000-14,999",IF(E5<20000,"15,000-19,999",IF(E5<25000,"20,000-24,999","25,000-30,000"))))) -> 15,000-19,999 | R5: =IF(COUNTIF($A$2:A5,A5)=1,1,0) -> 1
A6: 1073 | B6: 44743 | C6: Ford Focus | D6: 2019 | E6: 15510 | F6: 22000 | G6: =IF(OR(F6="",E6=""),"",F6-E6) -> 6490 | H6: 25000 | I6: Diesel | J6: Automatic | K6: Private | L6: Asia | M6: Unknown | N6: 1 | O6: =IF(E6<1000,"Outlier","Normal") -> Normal | P6: =IF(COUNTIF($A$2:$A$2501,A6)>1,"Duplicate ID","Unique ID") -> Duplicate ID | Q6: =IF(E6<5000,"0-4,999",IF(E6<10000,"5,000-9,999",IF(E6<15000,"10,000-14,999",IF(E6<20000,"15,000-19,999",IF(E6<25000,"20,000-24,999","25,000-30,000"))))) -> 15,000-19,999 | R6: =IF(COUNTIF($A$2:A6,A6)=1,1,0) -> 1
A7: 1274 | B7: 45018 | C7: Audi A4 | D7: 2014 | E7: 11416 | F7: 15000 | G7: =IF(OR(F7="",E7=""),"",F7-E7) -> 3584 | H7: 15000 | I7: Hybrid | J7: Manual | K7: Private | L7: South America | M7: Blue | N7: 1 | O7: =IF(E7<1000,"Outlier","Normal") -> Normal | P7: =IF(COUNTIF($A$2:$A$2501,A7)>1,"Duplicate ID","Unique ID") -> Duplicate ID | Q7: =IF(E7<5000,"0-4,999",IF(E7<10000,"5,000-9,999",IF(E7<15000,"10,000-14,999",IF(E7<20000,"15,000-19,999",IF(E7<25000,"20,000-24,999","25,000-30,000"))))) -> 10,000-14,999 | R7: =IF(COUNTIF($A$2:A7,A7)=1,1,0) -> 1
A8: 1269 | B8: 45300 | C8: BMW 3 Series | D8: 2016 | E8: 9402 | F8: 15000 | G8: =IF(OR(F8="",E8=""),"",F8-E8) -> 5598 | H8: 120000 | I8: Hybrid | J8: Manual | K8: Dealer | L8: Unknown | M8: Blue | N8: 0 | O8: =IF(E8<1000,"Outlier","Normal") -> Normal | P8: =IF(COUNTIF($A$2:$A$2501,A8)>1,"Duplicate ID","Unique ID") -> Duplicate ID | Q8: =IF(E8<5000,"0-4,999",IF(E8<10000,"5,000-9,999",IF(E8<15000,"10,000-14,999",IF(E8<20000,"15,000-19,999",IF(E8<25000,"20,000-24,999","25,000-30,000"))))) -> 5,000-9,999 | R8: =IF(COUNTIF($A$2:A8,A8)=1,1,0) -> 1
A9: 1065 | B9: 45061 | C9: Toyota Corolla | D9: 2015 | E9: 9690 | F9: 12000 | G9: =IF(OR(F9="",E9=""),"",F9-E9) -> 2310 | H9: 120000 | I9: Hybrid | J9: Unknown | K9: Dealer | L9: Europe | M9: Unknown | N9: 2 | O9: =IF(E9<1000,"Outlier","Normal") -> Normal | P9: =IF(COUNTIF($A$2:$A$2501,A9)>1,"Duplicate ID","Unique ID") -> Duplicate ID | Q9: =IF(E9<5000,"0-4,999",IF(E9<10000,"5,000-9,999",IF(E9<15000,"10,000-14,999",IF(E9<20000,"15,000-19,999",IF(E9<25000,"20,000-24,999","25,000-30,000"))))) -> 5,000-9,999 | R9: =IF(COUNTIF($A$2:A9,A9)=1,1,0) -> 1
A10: 1003 | B10: 45126 | C10: Audi A4 | D10: 2015 | E10: 15705 | F10: 18000 | G10: =IF(OR(F10="",E10=""),"",F10-E10) -> 2295 | H10: 60000 | I10: Diesel | J10: Unknown | K10: Dealer | L10: Asia | M10: Unknown | N10: Unknown | O10: =IF(E10<1000,"Outlier","Normal") -> Normal | P10: =IF(COUNTIF($A$2:$A$2501,A10)>1,"Duplicate ID","Unique ID") -> Duplicate ID | Q10: =IF(E10<5000,"0-4,999",IF(E10<10000,"5,000-9,999",IF(E10<15000,"10,000-14,999",IF(E10<20000,"15,000-19,999",IF(E10<25000,"20,000-24,999","25,000-30,000"))))) -> 15,000-19,999 | R10: =IF(COUNTIF($A$2:A10,A10)=1,1,0) -> 1
A11: 1000 | B11: 45283 | C11: Ford Focus | D11: 2016 | E11: 16582 | F11: 22000 | G11: =IF(OR(F11="",E11=""),"",F11-E11) -> 5418 | H11: 25000 | I11: Hybrid | J11: Automatic | K11: Dealer | L11: Europe | M11: White | N11: Unknown | O11: =IF(E11<1000,"Outlier","Normal") -> Normal | P11: =IF(COUNTIF($A$2:$A$2501,A11)>1,"Duplicate ID","Unique ID") -> Duplicate ID | Q11: =IF(E11<5000,"0-4,999",IF(E11<10000,"5,000-9,999",IF(E11<15000,"10,000-14,999",IF(E11<20000,"15,000-19,999",IF(E11<25000,"20,000-24,999","25,000-30,000"))))) -> 15,000-19,999 | R11: =IF(COUNTIF($A$2:A11,A11)=1,1,0) -> 1
A12: 1131 | B12: 44454 | C12: Toyota Corolla | D12: 2015 | E12: 25637 | F12: 31000 | G12: =IF(OR(F12="",E12=""),"",F12-E12) -> 5363 | H12: 15000 | I12: Electric | J12: Manual | K12: Unknown | L12: North America | M12: Silver | N12: 3 | O12: =IF(E12<1000,"Outlier","Normal") -> Normal | P12: =IF(COUNTIF($A$2:$A$2501,A12)>1,"Duplicate ID","Unique ID") -> Duplicate ID | Q12: =IF(E12<5000,"0-4,999",IF(E12<10000,"5,000-9,999",IF(E12<15000,"10,000-14,999",IF(E12<20000,"15,000-19,999",IF(E12<25000,"20,000-24,999","25,000-30,000"))))) -> 25,000-30,000 | R12: =IF(COUNTIF($A$2:A12,A12)=1,1,0) -> 1
A13: 1065 | B13: 44657 | C13: Volkswagen Golf | D13: 2021 | E13: 27970 | F13: 31000 | G13: =IF(OR(F13="",E13=""),"",F13-E13) -> 3030 | H13: 15000 | I13: Diesel | J13: Manual | K13: Dealer | L13: Europe | M13: White | N13: 0 | O13: =IF(E13<1000,"Outlier","Normal") -> Normal | P13: =IF(COUNTIF($A$2:$A$2501,A13)>1,"Duplicate ID","Unique ID") -> Duplicate ID | Q13: =IF(E13<5000,"0-4,999",IF(E13<10000,"5,000-9,999",IF(E13<15000,"10,000-14,999",IF(E13<20000,"15,000-19,999",IF(E13<25000,"20,000-24,999","25,000-30,000"))))) -> 25,000-30,000 | R13: =IF(COUNTIF($A$2:A13,A13)=1,1,0) -> 0
A14: 1497 | B14: 44767 | C14: Toyota Corolla | D14: 2019 | E14: 6051 | F14: 9000 | G14: =IF(OR(F14="",E14=""),"",F14-E14) -> 2949 | H14: 80000 | I14: Unknown | J14: Manual | K14: Private | L14: South America | M14: White | N14: 0 | O14: =IF(E14<1000,"Outlier","Normal") -> Normal | P14: =IF(COUNTIF($A$2:$A$2501,A14)>1,"Duplicate ID","Unique ID") -> Duplicate ID | Q14: =IF(E14<5000,"0-4,999",IF(E14<10000,"5,000-9,999",IF(E14<15000,"10,000-14,999",IF(E14<20000,"15,000-19,999",IF(E14<25000,"20,000-24,999","25,000-30,000"))))) -> 5,000-9,999 | R14: =IF(COUNTIF($A$2:A14,A14)=1,1,0) -> 1
A15: 1478 | B15: 45038 | C15: Honda Civic | D15: 2018 | E15: 21531 | F15: 26000 | G15: =IF(OR(F15="",E15=""),"",F15-E15) -> 4469 | H15: 40000 | I15: Petrol | J15: Manual | K15: Private | L15: Asia | M15: Black | N15: 1 | O15: =IF(E15<1000,"Outlier","Normal") -> Normal | P15: =IF(COUNTIF($A$2:$A$2501,A15)>1,"Duplicate ID","Unique ID") -> Duplicate ID | Q15: =IF(E15<5000,"0-4,999",IF(E15<10000,"5,000-9,999",IF(E15<15000,"10,000-14,999",IF(E15<20000,"15,000-19,999",IF(E15<25000,"20,000-24,999","25,000-30,000"))))) -> 20,000-24,999 | R15: =IF(COUNTIF($A$2:A15,A15)=1,1,0) -> 1
A16: 1285 | B16: 44572 | C16: Ford Focus | D16: 2017 | E16: 26544 | F16: 31000 | G16: =IF(OR(F16="",E16=""),"",F16-E16) -> 4456 | H16: 25000 | I16: Petrol | J16: Manual | K16: Unknown | L16: Europe | M16: Black | N16: 1 | O16: =IF(E16<1000,"Outlier","Normal") -> Normal | P16: =IF(COUNTIF($A$2:$A$2501,A16)>1,"Duplicate ID","Unique ID") -> Duplicate ID | Q16: =IF(E16<5000,"0-4,999",IF(E16<10000,"5,000-9,999",IF(E16<15000,"10,000-14,999",IF(E16<20000,"15,000-19,999",IF(E16<25000,"20,000-24,999","25,000-30,000"))))) -> 25,000-30,000 | R16: =IF(COUNTIF($A$2:A16,A16)=1,1,0) -> 1
A17: 1060 | B17: 45018 | C17: Ford Focus | D17: 2020 | E17: 28249 | F17: 31000 | G17: =IF(OR(F17="",E17=""),"",F17-E17) -> 2751 | H17: 60000 | I17: Unknown | J17: Automatic | K17: Private | L17: Unknown | M17: Blue | N17: 1 | O17: =IF(E17<1000,"Outlier","Normal") -> Normal | P17: =IF(COUNTIF($A$2:$A$2501,A17)>1,"Duplicate ID","Unique ID") -> Duplicate ID | Q17: =IF(E17<5000,"0-4,999",IF(E17<10000,"5,000-9,999",IF(E17<15000,"10,000-14,999",IF(E17<20000,"15,000-19,999",IF(E17<25000,"20,000-24,999","25,000-30,000"))))) -> 25,000-30,000 | R17: =IF(COUNTIF($A$2:A17,A17)=1,1,0) -> 1
A18: 1062 | B18: 45307 | C18: Ford Focus | D18: 2018 | E18: 9256 | F18: 15000 | G18: =IF(OR(F18="",E18=""),"",F18-E18) -> 5744 | H18: 15000 | I18: Diesel | J18: Manual | K18: Unknown | L18: Europe | M18: White | N18: 0 | O18: =IF(E18<1000,"Outlier","Normal") -> Normal | P18: =IF(COUNTIF($A$2:$A$2501,A18)>1,"Duplicate ID","Unique ID") -> Duplicate ID | Q18: =IF(E18<5000,"0-4,999",IF(E18<10000,"5,000-9,999",IF(E18<15000,"10,000-14,999",IF(E18<20000,"15,000-19,999",IF(E18<25000,"20,000-24,999","25,000-30,000"))))) -> 5,000-9,999 | R18: =IF(COUNTIF($A$2:A18,A18)=1,1,0) -> 1
A19: 1252 | B19: 45363 | C19: Toyota Corolla | D19: 2018 | E19: 13018 | F19: 15000 | G19: =IF(OR(F19="",E19=""),"",F19-E19) -> 1982 | H19: 60000 | I19: Hybrid | J19: Automatic | K19: Dealer | L19: Asia | M19: White | N19: 2 | O19: =IF(E19<1000,"Outlier","Normal") -> Normal | P19: =IF(COUNTIF($A$2:$A$2501,A19)>1,"Duplicate ID","Unique ID") -> Duplicate ID | Q19: =IF(E19<5000,"0-4,999",IF(E19<10000,"5,000-9,999",IF(E19<15000,"10,000-14,999",IF(E19<20000,"15,000-19,999",IF(E19<25000,"20,000-24,999","25,000-30,000"))))) -> 10,000-14,999 | R19: =IF(COUNTIF($A$2:A19,A19)=1,1,0) -> 1
A20: 1009 | B20: 44345 | C20: Volkswagen Golf | D20: 2016 | E20: 14410 | F20: 18000 | G20: =IF(OR(F20="",E20=""),"",F20-E20) -> 3590 | H20: 60000 | I20: Petrol | J20: Unknown | K20: Dealer | L20: Unknown | M20: Silver | N20: 1 | O20: =IF(E20<1000,"Outlier","Normal") -> Normal | P20: =IF(COUNTIF($A$2:$A$2501,A20)>1,"Duplicate ID","Unique ID") -> Duplicate ID | Q20: =IF(E20<5000,"0-4,999",IF(E20<10000,"5,000-9,999",IF(E20<15000,"10,000-14,999",IF(E20<20000,"15,000-19,999",IF(E20<25000,"20,000-24,999","25,000-30,000"))))) -> 10,000-14,999 | R20: =IF(COUNTIF($A$2:A20,A20)=1,1,0) -> 1
A21: 1448 | B21: 44520 | C21: Volkswagen Golf | D21: 2015 | E21: 11666 | F21: 15000 | G21: =IF(OR(F21="",E21=""),"",F21-E21) -> 3334 | H21: 40000 | I21: Petrol | J21: Unknown | K21: Private | L21: Europe | M21: White | N21: 2 | O21: =IF(E21<1000,"Outlier","Normal") -> Normal | P21: =IF(COUNTIF($A$2:$A$2501,A21)>1,"Duplicate ID","Unique ID") -> Duplicate ID | Q21: =IF(E21<5000,"0-4,999",IF(E21<10000,"5,000-9,999",IF(E21<15000,"10,000-14,999",IF(E21<20000,"15,000-19,999",IF(E21<25000,"20,000-24,999","25,000-30,000"))))) -> 10,000-14,999 | R21: =IF(COUNTIF($A$2:A21,A21)=1,1,0) -> 1
A22: 1351 | B22: 44628 | C22: Honda Civic | D22: 2015 | E22: 8692 | F22: 12000 | G22: =IF(OR(F22="",E22=""),"",F22-E22) -> 3308 | H22: 40000 | I22: Unknown | J22: Automatic | K22: Dealer | L22: Europe | M22: Blue | N22: 2 | O22: =IF(E22<1000,"Outlier","Normal") -> Normal | P22: =IF(COUNTIF($A$2:$A$2501,A22)>1,"Duplicate ID","Unique ID") -> Duplicate ID | Q22: =IF(E22<5000,"0-4,999",IF(E22<10000,"5,000-9,999",IF(E22<15000,"10,000-14,999",IF(E22<20000,"15,000-19,999",IF(E22<25000,"20,000-24,999","25,000-30,000"))))) -> 5,000-9,999 | R22: =IF(COUNTIF($A$2:A22,A22)=1,1,0) -> 1
A23: 1165 | B23: 44733 | C23: Toyota Corolla | D23: 2014 | E23: 15781 | F23: 22000 | G23: =IF(OR(F23="",E23=""),"",F23-E23) -> 6219 | H23: 25000 | I23: Petrol | J23: Manual | K23: Dealer | L23: North America | M23: Unknown | N23: 0 | O23: =IF(E23<1000,"Outlier","Normal") -> Normal | P23: =IF(COUNTIF($A$2:$A$2501,A23)>1,"Duplicate ID","Unique ID") -> Duplicate ID | Q23: =IF(E23<5000,"0-4,999",IF(E23<10000,"5,000-9,999",IF(E23<15000,"10,000-14,999",IF(E23<20000,"15,000-19,999",IF(E23<25000,"20,000-24,999","25,000-30,000"))))) -> 15,000-19,999 | R23: =IF(COUNTIF($A$2:A23,A23)=1,1,0) -> 1
A24: 1315 | B24: 44282 | C24: Volkswagen Golf | E24: 9956 | F24: 12000 | G24: =IF(OR(F24="",E24=""),"",F24-E24) -> 2044 | H24: 60000 | I24: Petrol | J24: Automatic | K24: Dealer | L24: North America | M24: Black | N24: 2 | O24: =IF(E24<1000,"Outlier","Normal") -> Normal | P24: =IF(COUNTIF($A$2:$A$2501,A24)>1,"Duplicate ID","Unique ID") -> Duplicate ID | Q24: =IF(E24<5000,"0-4,999",IF(E24<10000,"5,000-9,999",IF(E24<15000,"10,000-14,999",IF(E24<20000,"15,000-19,999",IF(E24<25000,"20,000-24,999","25,000-30,000"))))) -> 5,000-9,999 | R24: =IF(COUNTIF($A$2:A24,A24)=1,1,0) -> 1
A25: 1422 | B25: 44559 | C25: Mercedes C-Class | E25: 9669 | F25: 12000 | G25: =IF(OR(F25="",E25=""),"",F25-E25) -> 2331 | H25: 25000 | I25: Electric | J25: Manual | K25: Private | L25: North America | M25: Black | N25: 3 | O25: =IF(E25<1000,"Outlier","Normal") -> Normal | P25: =IF(COUNTIF($A$2:$A$2501,A25)>1,"Duplicate ID","Unique ID") -> Duplicate ID | Q25: =IF(E25<5000,"0-4,999",IF(E25<10000,"5,000-9,999",IF(E25<15000,"10,000-14,999",IF(E25<20000,"15,000-19,999",IF(E25<25000,"20,000-24,999","25,000-30,000"))))) -> 5,000-9,999 | R25: =IF(COUNTIF($A$2:A25,A25)=1,1,0) -> 1
A26: 1312 | B26: 44913 | C26: Toyota Corolla | D26: 2021 | E26: 10230 | F26: 15000 | G26: =IF(OR(F26="",E26=""),"",F26-E26) -> 4770 | H26: 25000 | I26: Diesel | J26: Automatic | K26: Private | L26: Asia | M26: Black | N26: 2 | O26: =IF(E26<1000,"Outlier","Normal") -> Normal | P26: =IF(COUNTIF($A$2:$A$2501,A26)>1,"Duplicate ID","Unique ID") -> Unique ID | Q26: =IF(E26<5000,"0-4,999",IF(E26<10000,"5,000-9,999",IF(E26<15000,"10,000-14,999",IF(E26<20000,"15,000-19,999",IF(E26<25000,"20,000-24,999","25,000-30,000"))))) -> 10,000-14,999 | R26: =IF(COUNTIF($A$2:A26,A26)=1,1,0) -> 1
A27: 1028 | B27: 44875 | C27: Volkswagen Golf | D27: 2018 | E27: 20608 | F27: 26000 | G27: =IF(OR(F27="",E27=""),"",F27-E27) -> 5392 | H27: 120000 | I27: Hybrid | J27: Manual | K27: Dealer | L27: South America | M27: Silver | N27: 2 | O27: =IF(E27<1000,"Outlier","Normal") -> Normal | P27: =IF(COUNTIF($A$2:$A$2501,A27)>1,"Duplicate ID","Unique ID") -> Duplicate ID | Q27: =IF(E27<5000,"0-4,999",IF(E27<10000,"5,000-9,999",IF(E27<15000,"10,000-14,999",IF(E27<20000,"15,000-19,999",IF(E27<25000,"20,000-24,999","25,000-30,000"))))) -> 20,000-24,999 | R27: =IF(COUNTIF($A$2:A27,A27)=1,1,0) -> 1
A28: 1260 | B28: 44586 | C28: Mercedes C-Class | E28: 3277 | F28: 9000 | G28: =IF(OR(F28="",E28=""),"",F28-E28) -> 5723 | H28: 60000 | I28: Diesel | J28: Automatic | K28: Private | L28: Europe | M28: Silver | N28: Unknown | O28: =IF(E28<1000,"Outlier","Normal") -> Normal | P28: =IF(COUNTIF($A$2:$A$2501,A28)>1,"Duplicate ID","Unique ID") -> Duplicate ID | Q28: =IF(E28<5000,"0-4,999",IF(E28<10000,"5,000-9,999",IF(E28<15000,"10,000-14,999",IF(E28<20000,"15,000-19,999",IF(E28<25000,"20,000-24,999","25,000-30,000"))))) -> 0-4,999 | R28: =IF(COUNTIF($A$2:A28,A28)=1,1,0) -> 1
A29: 1316 | B29: 45235 | C29: Audi A4 | D29: 2018 | E29: 5540 | F29: 9000 | G29: =IF(OR(F29="",E29=""),"",F29-E29) -> 3460 | H29: 120000 | I29: Diesel | J29: Manual | K29: Private | L29: South America | M29: White | N29: Unknown | O29: =IF(E29<1000,"Outlier","Normal") -> Normal | P29: =IF(COUNTIF($A$2:$A$2501,A29)>1,"Duplicate ID","Unique ID") -> Duplicate ID | Q29: =IF(E29<5000,"0-4,999",IF(E29<10000,"5,000-9,999",IF(E29<15000,"10,000-14,999",IF(E29<20000,"15,000-19,999",IF(E29<25000,"20,000-24,999","25,000-30,000"))))) -> 5,000-9,999 | R29: =IF(COUNTIF($A$2:A29,A29)=1,1,0) -> 1
A30: 1440 | B30: 44627 | C30: Audi A4 | D30: 2020 | E30: 3650 | F30: 7000 | G30: =IF(OR(F30="",E30=""),"",F30-E30) -> 3350 | H30: 40000 | I30: Unknown | J30: Automatic | K30: Dealer | L30: Unknown | M30: Blue | N30: 1 | O30: =IF(E30<1000,"Outlier","Normal") -> Normal | P30: =IF(COUNTIF($A$2:$A$2501,A30)>1,"Duplicate ID","Unique ID") -> Duplicate ID | Q30: =IF(E30<5000,"0-4,999",IF(E30<10000,"5,000-9,999",IF(E30<15000,"10,000-14,999",IF(E30<20000,"15,000-19,999",IF(E30<25000,"20,000-24,999","25,000-30,000"))))) -> 0-4,999 | R30: =IF(COUNTIF($A$2:A30,A30)=1,1,0) -> 1
A31: 1230 | B31: 44832 | C31: Toyota Corolla | D31: 2018 | E31: 19076 | F31: 22000 | G31: =IF(OR(F31="",E31=""),"",F31-E31) -> 2924 | H31: 15000 | I31: Unknown | J31: Unknown | K31: Dealer | L31: South America | M31: Blue | N31: Unknown | O31: =IF(E31<1000,"Outlier","Normal") -> Normal | P31: =IF(COUNTIF($A$2:$A$2501,A31)>1,"Duplicate ID","Unique ID") -> Duplicate ID | Q31: =IF(E31<5000,"0-4,999",IF(E31<10000,"5,000-9,999",IF(E31<15000,"10,000-14,999",IF(E31<20000,"15,000-19,999",IF(E31<25000,"20,000-24,999","25,000-30,000"))))) -> 15,000-19,999 | R31: =IF(COUNTIF($A$2:A31,A31)=1,1,0) -> 1
A32: 1005 | B32: 44499 | C32: Ford Focus | D32: 2020 | E32: 28002 | F32: 31000 | G32: =IF(OR(F32="",E32=""),"",F32-E32) -> 2998 | H32: 60000 | I32: Electric | J32: Manual | K32: Dealer | L32: Unknown | M32: Blue | N32: 0 | O32: =IF(E32<1000,"Outlier","Normal") -> Normal | P32: =IF(COUNTIF($A$2:$A$2501,A32)>1,"Duplicate ID","Unique ID") -> Duplicate ID | Q32: =IF(E32<5000,"0-4,999",IF(E32<10000,"5,000-9,999",IF(E32<15000,"10,000-14,999",IF(E32<20000,"15,000-19,999",IF(E32<25000,"20,000-24,999","25,000-30,000"))))) -> 25,000-30,000 | R32: =IF(COUNTIF($A$2:A32,A32)=1,1,0) -> 1
A33: 1572 | B33: 45284 | C33: BMW 3 Series | D33: 2015 | E33: 26194 | F33: 31000 | G33: =IF(OR(F33="",E33=""),"",F33-E33) -> 4806 | H33: 25000 | I33: Electric | J33: Unknown | K33: Private | L33: North America | M33: Blue | N33: 3 | O33: =IF(E33<1000,"Outlier","Normal") -> Normal | P33: =IF(COUNTIF($A$2:$A$2501,A33)>1,"Duplicate ID","Unique ID") -> Duplicate ID | Q33: =IF(E33<5000,"0-4,999",IF(E33<10000,"5,000-9,999",IF(E33<15000,"10,000-14,999",IF(E33<20000,"15,000-19,999",IF(E33<25000,"20,000-24,999","25,000-30,000"))))) -> 25,000-30,000 | R33: =IF(COUNTIF($A$2:A33,A33)=1,1,0) -> 1
A34: 1281 | B34: 44686 | C34: BMW 3 Series | D34: 2017 | E34: 13031 | F34: 18000 | G34: =IF(OR(F34="",E34=""),"",F34-E34) -> 4969 | H34: 80000 | I34: Hybrid | J34: Automatic | K34: Unknown | L34: Europe | M34: White | N34: 1 | O34: =IF(E34<1000,"Outlier","Normal") -> Normal | P34: =IF(COUNTIF($A$2:$A$2501,A34)>1,"Duplicate ID","Unique ID") -> Duplicate ID | Q34: =IF(E34<5000,"0-4,999",IF(E34<10000,"5,000-9,999",IF(E34<15000,"10,000-14,999",IF(E34<20000,"15,000-19,999",IF(E34<25000,"20,000-24,999","25,000-30,000"))))) -> 10,000-14,999 | R34: =IF(COUNTIF($A$2:A34,A34)=1,1,0) -> 1
A35: 1424 | B35: 44328 | C35: BMW 3 Series | D35: 2020 | E35: 9248 | F35: 12000 | G35: =IF(OR(F35="",E35=""),"",F35-E35) -> 2752 | H35: 120000 | I35: Diesel | J35: Automatic | K35: Private | L35: Europe | M35: Blue | N35: 3 | O35: =IF(E35<1000,"Outlier","Normal") -> Normal | P35: =IF(COUNTIF($A$2:$A$2501,A35)>1,"Duplicate ID","Unique ID") -> Duplicate ID | Q35: =IF(E35<5000,"0-4,999",IF(E35<10000,"5,000-9,999",IF(E35<15000,"10,000-14,999",IF(E35<20000,"15,000-19,999",IF(E35<25000,"20,000-24,999","25,000-30,000"))))) -> 5,000-9,999 | R35: =IF(COUNTIF($A$2:A35,A35)=1,1,0) -> 1
A36: 1559 | B36: 45299 | C36: Toyota Corolla | D36: 2019 | E36: 13568 | F36: 18000 | G36: =IF(OR(F36="",E36=""),"",F36-E36) -> 4432 | H36: 60000 | I36: Hybrid | J36: Automatic | K36: Private | L36: Europe | M36: Blue | N36: 2 | O36: =IF(E36<1000,"Outlier","Normal") -> Normal | P36: =IF(COUNTIF($A$2:$A$2501,A36)>1,"Duplicate ID","Unique ID") -> Duplicate ID | Q36: =IF(E36<5000,"0-4,999",IF(E36<10000,"5,000-9,999",IF(E36<15000,"10,000-14,999",IF(E36<20000,"15,000-19,999",IF(E36<25000,"20,000-24,999","25,000-30,000"))))) -> 10,000-14,999 | R36: =IF(COUNTIF($A$2:A36,A36)=1,1,0) -> 1
A37: 1027 | B37: 45290 | C37: Volkswagen Golf | D37: 2016 | E37: 24903 | F37: 31000 | G37: =IF(OR(F37="",E37=""),"",F37-E37) -> 6097 | H37: 25000 | I37: Petrol | J37: Automatic | K37: Dealer | L37: South America | M37: White | N37: 0 | O37: =IF(E37<1000,"Outlier","Normal") -> Normal | P37: =IF(COUNTIF($A$2:$A$2501,A37)>1,"Duplicate ID","Unique ID") -> Unique ID | Q37: =IF(E37<5000,"0-4,999",IF(E37<10000,"5,000-9,999",IF(E37<15000,"10,000-14,999",IF(E37<20000,"15,000-19,999",IF(E37<25000,"20,000-24,999","25,000-30,000"))))) -> 20,000-24,999 | R37: =IF(COUNTIF($A$2:A37,A37)=1,1,0) -> 1
A38: 1345 | B38: 44866 | C38: BMW 3 Series | D38: 2020 | E38: 17276 | F38: 22000 | G38: =IF(OR(F38="",E38=""),"",F38-E38) -> 4724 | H38: 25000 | I38: Electric | J38: Automatic | K38: Dealer | L38: South America | M38: Black | N38: Unknown | O38: =IF(E38<1000,"Outlier","Normal") -> Normal | P38: =IF(COUNTIF($A$2:$A$2501,A38)>1,"Duplicate ID","Unique ID") -> Duplicate ID | Q38: =IF(E38<5000,"0-4,999",IF(E38<10000,"5,000-9,999",IF(E38<15000,"10,000-14,999",IF(E38<20000,"15,000-19,999",IF(E38<25000,"20,000-24,999","25,000-30,000"))))) -> 15,000-19,999 | R38: =IF(COUNTIF($A$2:A38,A38)=1,1,0) -> 1
A39: 1031 | B39: 44279 | C39: Toyota Corolla | D39: 2019 | E39: 13438 | F39: 15000 | G39: =IF(OR(F39="",E39=""),"",F39-E39) -> 1562 | H39: 120000 | I39: Diesel | J39: Manual | K39: Dealer | L39: South America | M39: Black | N39: Unknown | O39: =IF(E39<1000,"Outlier","Normal") -> Normal | P39: =IF(COUNTIF($A$2:$A$2501,A39)>1,"Duplicate ID","Unique ID") -> Duplicate ID | Q39: =IF(E39<5000,"0-4,999",IF(E39<10000,"5,000-9,999",IF(E39<15000,"10,000-14,999",IF(E39<20000,"15,000-19,999",IF(E39<25000,"20,000-24,999","25,000-30,000"))))) -> 10,000-14,999 | R39: =IF(COUNTIF($A$2:A39,A39)=1,1,0) -> 1
A40: 1167 | B40: 44431 | C40: Ford Focus | D40: 2021 | E40: 15626 | F40: 18000 | G40: =IF(OR(F40="",E40=""),"",F40-E40) -> 2374 | H40: 40000 | I40: Hybrid | J40: Unknown | K40: Private | L40: South America | M40: White | N40: 0 | O40: =IF(E40<1000,"Outlier","Normal") -> Normal | P40: =IF(COUNTIF($A$2:$A$2501,A40)>1,"Duplicate ID","Unique ID") -> Duplicate ID | Q40: =IF(E40<5000,"0-4,999",IF(E40<10000,"5,000-9,999",IF(E40<15000,"10,000-14,999",IF(E40<20000,"15,000-19,999",IF(E40<25000,"20,000-24,999","25,000-30,000"))))) -> 15,000-19,999 | R40: =IF(COUNTIF($A$2:A40,A40)=1,1,0) -> 1
A41: 1579 | B41: 44444 | C41: BMW 3 Series | D41: 2015 | E41: 12082 | F41: 18000 | G41: =IF(OR(F41="",E41=""),"",F41-E41) -> 5918 | H41: 120000 | I41: Hybrid | J41: Manual | K41: Unknown | L41: Asia | M41: Black | N41: 3 | O41: =IF(E41<1000,"Outlier","Normal") -> Normal | P41: =IF(COUNTIF($A$2:$A$2501,A41)>1,"Duplicate ID","Unique ID") -> Duplicate ID | Q41: =IF(E41<5000,"0-4,999",IF(E41<10000,"5,000-9,999",IF(E41<15000,"10,000-14,999",IF(E41<20000,"15,000-19,999",IF(E41<25000,"20,000-24,999","25,000-30,000"))))) -> 10,000-14,999 | R41: =IF(COUNTIF($A$2:A41,A41)=1,1,0) -> 1
A42: 1156 | B42: 45138 | C42: Mercedes C-Class | D42: 2015 | E42: 19794 | F42: 26000 | G42: =IF(OR(F42="",E42=""),"",F42-E42) -> 6206 | H42: 40000 | I42: Hybrid | J42: Unknown | K42: Unknown | L42: South America | M42: Blue | N42: 3 | O42: =IF(E42<1000,"Outlier","Normal") -> Normal | P42: =IF(COUNTIF($A$2:$A$2501,A42)>1,"Duplicate ID","Unique ID") -> Duplicate ID | Q42: =IF(E42<5000,"0-4,999",IF(E42<10000,"5,000-9,999",IF(E42<15000,"10,000-14,999",IF(E42<20000,"15,000-19,999",IF(E42<25000,"20,000-24,999","25,000-30,000"))))) -> 15,000-19,999 | R42: =IF(COUNTIF($A$2:A42,A42)=1,1,0) -> 1
A43: 1249 | B43: 45120 | C43: BMW 3 Series | D43: 2019 | E43: 11716 | F43: 15000 | G43: =IF(OR(F43="",E43=""),"",F43-E43) -> 3284 | H43: 15000 | I43: Hybrid | J43: Manual | K43: Private | L43: Asia | M43: White | N43: 3 | O43: =IF(E43<1000,"Outlier","Normal") -> Normal | P43: =IF(COUNTIF($A$2:$A$2501,A43)>1,"Duplicate ID","Unique ID") -> Duplicate ID | Q43: =IF(E43<5000,"0-4,999",IF(E43<10000,"5,000-9,999",IF(E43<15000,"10,000-14,999",IF(E43<20000,"15,000-19,999",IF(E43<25000,"20,000-24,999","25,000-30,000"))))) -> 10,000-14,999 | R43: =IF(COUNTIF($A$2:A43,A43)=1,1,0) -> 1
A44: 1569 | B44: 44762 | C44: Ford Focus | D44: 2019 | E44: 14710 | F44: 18000 | G44: =IF(OR(F44="",E44=""),"",F44-E44) -> 3290 | H44: 40000 | I44: Electric | J44: Automatic | K44: Unknown | L44: North America | M44: Blue | N44: 3 | O44: =IF(E44<1000,"Outlier","Normal") -> Normal | P44: =IF(COUNTIF($A$2:$A$2501,A44)>1,"Duplicate ID","Unique ID") -> Duplicate ID | Q44: =IF(E44<5000,"0-4,999",IF(E44<10000,"5,000-9,999",IF(E44<15000,"10,000-14,999",IF(E44<20000,"15,000-19,999",IF(E44<25000,"20,000-24,999","25,000-30,000"))))) -> 10,000-14,999 | R44: =IF(COUNTIF($A$2:A44,A44)=1,1,0) -> 1
A45: 1249 | B45: 45025 | C45: Mercedes C-Class | D45: 2014 | E45: 6185 | F45: 9000 | G45: =IF(OR(F45="",E45=""),"",F45-E45) -> 2815 | H45: 40000 | I45: Hybrid | J45: Automatic | K45: Unknown | L45: Asia | M45: Silver | N45: 3 | O45: =IF(E45<1000,"Outlier","Normal") -> Normal | P45: =IF(COUNTIF($A$2:$A$2501,A45)>1,"Duplicate ID","Unique ID") -> Duplicate ID | Q45: =IF(E45<5000,"0-4,999",IF(E45<10000,"5,000-9,999",IF(E45<15000,"10,000-14,999",IF(E45<20000,"15,000-19,999",IF(E45<25000,"20,000-24,999","25,000-30,000"))))) -> 5,000-9,999 | R45: =IF(COUNTIF($A$2:A45,A45)=1,1,0) -> 0
A46: 1323 | B46: 44591 | C46: BMW 3 Series | D46: 2018 | E46: 16012 | F46: 18000 | G46: =IF(OR(F46="",E46=""),"",F46-E46) -> 1988 | H46: 25000 | I46: Diesel | J46: Manual | K46: Dealer | L46: South America | M46: Silver | N46: Unknown | O46: =IF(E46<1000,"Outlier","Normal") -> Normal | P46: =IF(COUNTIF($A$2:$A$2501,A46)>1,"Duplicate ID","Unique ID") -> Duplicate ID | Q46: =IF(E46<5000,"0-4,999",IF(E46<10000,"5,000-9,999",IF(E46<15000,"10,000-14,999",IF(E46<20000,"15,000-19,999",IF(E46<25000,"20,000-24,999","25,000-30,000"))))) -> 15,000-19,999 | R46: =IF(COUNTIF($A$2:A46,A46)=1,1,0) -> 1
A47: 1183 | B47: 44936 | C47: Audi A4 | D47: 2015 | E47: 12137 | F47: 15000 | G47: =IF(OR(F47="",E47=""),"",F47-E47) -> 2863 | H47: 40000 | I47: Petrol | J47: Manual | K47: Unknown | L47: Asia | M47: White | N47: 3 | O47: =IF(E47<1000,"Outlier","Normal") -> Normal | P47: =IF(COUNTIF($A$2:$A$2501,A47)>1,"Duplicate ID","Unique ID") -> Duplicate ID | Q47: =IF(E47<5000,"0-4,999",IF(E47<10000,"5,000-9,999",IF(E47<15000,"10,000-14,999",IF(E47<20000,"15,000-19,999",IF(E47<25000,"20,000-24,999","25,000-30,000"))))) -> 10,000-14,999 | R47: =IF(COUNTIF($A$2:A47,A47)=1,1,0) -> 1
A48: 1348 | B48: 45099 | C48: Honda Civic | D48: 2014 | E48: 13079 | F48: 18000 | G48: =IF(OR(F48="",E48=""),"",F48-E48) -> 4921 | H48: 60000 | I48: Unknown | J48: Manual | K48: Dealer | L48: South America | M48: Blue | N48: 0 | O48: =IF(E48<1000,"Outlier","Normal") -> Normal | P48: =IF(COUNTIF($A$2:$A$2501,A48)>1,"Duplicate ID","Unique ID") -> Duplicate ID | Q48: =IF(E48<5000,"0-4,999",IF(E48<10000,"5,000-9,999",IF(E48<15000,"10,000-14,999",IF(E48<20000,"15,000-19,999",IF(E48<25000,"20,000-24,999","25,000-30,000"))))) -> 10,000-14,999 | R48: =IF(COUNTIF($A$2:A48,A48)=1,1,0) -> 1
A49: 1254 | B49: 44371 | C49: Toyota Corolla | D49: 2016 | E49: 8511 | F49: 12000 | G49: =IF(OR(F49="",E49=""),"",F49-E49) -> 3489 | H49: 80000 | I49: Diesel | J49: Unknown | K49: Private | L49: South America | M49: Blue | N49: 2 | O49: =IF(E49<1000,"Outlier","Normal") -> Normal | P49: =IF(COUNTIF($A$2:$A$2501,A49)>1,"Duplicate ID","Unique ID") -> Duplicate ID | Q49: =IF(E49<5000,"0-4,999",IF(E49<10000,"5,000-9,999",IF(E49<15000,"10,000-14,999",IF(E49<20000,"15,000-19,999",IF(E49<25000,"20,000-24,999","25,000-30,000"))))) -> 5,000-9,999 | R49: =IF(COUNTIF($A$2:A49,A49)=1,1,0) -> 1
A50: 1216 | B50: 44622 | C50: Mercedes C-Class | D50: 2018 | E50: 5188 | F50: 7000 | G50: =IF(OR(F50="",E50=""),"",F50-E50) -> 1812 | H50: 80000 | I50: Petrol | J50: Manual | K50: Dealer | L50: South America | M50: Blue | N50: Unknown | O50: =IF(E50<1000,"Outlier","Normal") -> Normal | P50: =IF(COUNTIF($A$2:$A$2501,A50)>1,"Duplicate ID","Unique ID") -> Duplicate ID | Q50: =IF(E50<5000,"0-4,999",IF(E50<10000,"5,000-9,999",IF(E50<15000,"10,000-14,999",IF(E50<20000,"15,000-19,999",IF(E50<25000,"20,000-24,999","25,000-30,000"))))) -> 5,000-9,999 | R50: =IF(COUNTIF($A$2:A50,A50)=1,1,0) -> 1
A51: 1464 | B51: 44776 | C51: Mercedes C-Class | D51: 2018 | E51: 3640 | F51: 7000 | G51: =IF(OR(F51="",E51=""),"",F51-E51) -> 3360 | H51: 25000 | I51: Diesel | J51: Automatic | K51: Dealer | L51: Unknown | M51: White | N51: 1 | O51: =IF(E51<1000,"Outlier","Normal") -> Normal | P51: =IF(COUNTIF($A$2:$A$2501,A51)>1,"Duplicate ID","Unique ID") -> Duplicate ID | Q51: =IF(E51<5000,"0-4,999",IF(E51<10000,"5,000-9,999",IF(E51<15000,"10,000-14,999",IF(E51<20000,"15,000-19,999",IF(E51<25000,"20,000-24,999","25,000-30,000"))))) -> 0-4,999 | R51: =IF(COUNTIF($A$2:A51,A51)=1,1,0) -> 1
A52: 1582 | B52: 44826 | C52: BMW 3 Series | D52: 2016 | E52: 6641 | F52: 9000 | G52: =IF(OR(F52="",E52=""),"",F52-E52) -> 2359 | H52: 15000 | I52: Hybrid | J52: Automatic | K52: Private | L52: Unknown | M52: Unknown | N52: 3 | O52: =IF(E52<1000,"Outlier","Normal") -> Normal | P52: =IF(COUNTIF($A$2:$A$2501,A52)>1,"Duplicate ID","Unique ID") -> Duplicate ID | Q52: =IF(E52<5000,"0-4,999",IF(E52<10000,"5,000-9,999",IF(E52<15000,"10,000-14,999",IF(E52<20000,"15,000-19,999",IF(E52<25000,"20,000-24,999","25,000-30,000"))))) -> 5,000-9,999 | R52: =IF(COUNTIF($A$2:A52,A52)=1,1,0) -> 1
A53: 1026 | B53: 44709 | C53: Mercedes C-Class | D53: 2015 | E53: 3360 | F53: 7000 | G53: =IF(OR(F53="",E53=""),"",F53-E53) -> 3640 | H53: 60000 | I53: Petrol | J53: Automatic | K53: Unknown | L53: Europe | M53: White | N53: 3 | O53: =IF(E53<1000,"Outlier","Normal") -> Normal | P53: =IF(COUNTIF($A$2:$A$2501,A53)>1,"Duplicate ID","Unique ID") -> Duplicate ID | Q53: =IF(E53<5000,"0-4,999",IF(E53<10000,"5,000-9,999",IF(E53<15000,"10,000-14,999",IF(E53<20000,"15,000-19,999",IF(E53<25000,"20,000-24,999","25,000-30,000"))))) -> 0-4,999 | R53: =IF(COUNTIF($A$2:A53,A53)=1,1,0) -> 1
A54: 1093 | B54: 45204 | C54: Mercedes C-Class | D54: 2018 | E54: 7430 | F54: 12000 | G54: =IF(OR(F54="",E54=""),"",F54-E54) -> 4570 | H54: 80000 | I54: Petrol | J54: Manual | K54: Private | L54: South America | M54: Blue | N54: 2 | O54: =IF(E54<1000,"Outlier","Normal") -> Normal | P54: =IF(COUNTIF($A$2:$A$2501,A54)>1,"Duplicate ID","Unique ID") -> Duplicate ID | Q54: =IF(E54<5000,"0-4,999",IF(E54<10000,"5,000-9,999",IF(E54<15000,"10,000-14,999",IF(E54<20000,"15,000-19,999",IF(E54<25000,"20,000-24,999","25,000-30,000"))))) -> 5,000-9,999 | R54: =IF(COUNTIF($A$2:A54,A54)=1,1,0) -> 1
A55: 1258 | B55: 44841 | C55: Volkswagen Golf | D55: 2022 | E55: 5279 | F55: 7000 | G55: =IF(OR(F55="",E55=""),"",F55-E55) -> 1721 | H55: 60000 | I55: Petrol | J55: Unknown | K55: Private | L55: South America | M55: Black | N55: 1 | O55: =IF(E55<1000,"Outlier","Normal") -> Normal | P55: =IF(COUNTIF($A$2:$A$2501,A55)>1,"Duplicate ID","Unique ID") -> Duplicate ID | Q55: =IF(E55<5000,"0-4,999",IF(E55<10000,"5,000-9,999",IF(E55<15000,"10,000-14,999",IF(E55<20000,"15,000-19,999",IF(E55<25000,"20,000-24,999","25,000-30,000"))))) -> 5,000-9,999 | R55: =IF(COUNTIF($A$2:A55,A55)=1,1,0) -> 1
A56: 1208 | B56: 44302 | C56: Volkswagen Golf | E56: 26379 | F56: 31000 | G56: =IF(OR(F56="",E56=""),"",F56-E56) -> 4621 | H56: 120000 | I56: Unknown | J56: Manual | K56: Dealer | L56: North America | M56: White | N56: 2 | O56: =IF(E56<1000,"Outlier","Normal") -> Normal | P56: =IF(COUNTIF($A$2:$A$2501,A56)>1,"Duplicate ID","Unique ID") -> Duplicate ID | Q56: =IF(E56<5000,"0-4,999",IF(E56<10000,"5,000-9,999",IF(E56<15000,"10,000-14,999",IF(E56<20000,"15,000-19,999",IF(E56<25000,"20,000-24,999","25,000-30,000"))))) -> 25,000-30,000 | R56: =IF(COUNTIF($A$2:A56,A56)=1,1,0) -> 1
A57: 1472 | B57: 44429 | C57: Toyota Corolla | D57: 2022 | E57: 23160 | F57: 26000 | G57: =IF(OR(F57="",E57=""),"",F57-E57) -> 2840 | H57: 15000 | I57: Hybrid | J57: Unknown | K57: Private | L57: South America | M57: Blue | N57: 3 | O57: =IF(E57<1000,"Outlier","Normal") -> Normal | P57: =IF(COUNTIF($A$2:$A$2501,A57)>1,"Duplicate ID","Unique ID") -> Duplicate ID | Q57: =IF(E57<5000,"0-4,999",IF(E57<10000,"5,000-9,999",IF(E57<15000,"10,000-14,999",IF(E57<20000,"15,000-19,999",IF(E57<25000,"20,000-24,999","25,000-30,000"))))) -> 20,000-24,999 | R57: =IF(COUNTIF($A$2:A57,A57)=1,1,0) -> 1
A58: 1139 | B58: 45237 | C58: BMW 3 Series | D58: 2021 | E58: 9439 | F58: 12000 | G58: =IF(OR(F58="",E58=""),"",F58-E58) -> 2561 | H58: 60000 | I58: Electric | J58: Automatic | K58: Unknown | L58: Asia | M58: Black | N58: 2 | O58: =IF(E58<1000,"Outlier","Normal") -> Normal | P58: =IF(COUNTIF($A$2:$A$2501,A58)>1,"Duplicate ID","Unique ID") -> Duplicate ID | Q58: =IF(E58<5000,"0-4,999",IF(E58<10000,"5,000-9,999",IF(E58<15000,"10,000-14,999",IF(E58<20000,"15,000-19,999",IF(E58<25000,"20,000-24,999","25,000-30,000"))))) -> 5,000-9,999 | R58: =IF(COUNTIF($A$2:A58,A58)=1,1,0) -> 1
A59: 1495 | B59: 45300 | C59: Audi A4 | E59: 26342 | F59: 31000 | G59: =IF(OR(F59="",E59=""),"",F59-E59) -> 4658 | H59: 25000 | I59: Unknown | J59: Automatic | K59: Dealer | L59: North America | M59: Blue | N59: 1 | O59: =IF(E59<1000,"Outlier","Normal") -> Normal | P59: =IF(COUNTIF($A$2:$A$2501,A59)>1,"Duplicate ID","Unique ID") -> Duplicate ID | Q59: =IF(E59<5000,"0-4,999",IF(E59<10000,"5,000-9,999",IF(E59<15000,"10,000-14,999",IF(E59<20000,"15,000-19,999",IF(E59<25000,"20,000-24,999","25,000-30,000"))))) -> 25,000-30,000 | R59: =IF(COUNTIF($A$2:A59,A59)=1,1,0) -> 1
A60: 1395 | B60: 44977 | C60: Mercedes C-Class | D60: 2014 | E60: 17126 | F60: 22000 | G60: =IF(OR(F60="",E60=""),"",F60-E60) -> 4874 | H60: 120000 | I60: Diesel | J60: Automatic | K60: Dealer | L60: North America | M60: Unknown | N60: Unknown | O60: =IF(E60<1000,"Outlier","Normal") -> Normal | P60: =IF(COUNTIF($A$2:$A$2501,A60)>1,"Duplicate ID","Unique ID") -> Duplicate ID | Q60: =IF(E60<5000,"0-4,999",IF(E60<10000,"5,000-9,999",IF(E60<15000,"10,000-14,999",IF(E60<20000,"15,000-19,999",IF(E60<25000,"20,000-24,999","25,000-30,000"))))) -> 15,000-19,999 | R60: =IF(COUNTIF($A$2:A60,A60)=1,1,0) -> 1
A61: 1015 | B61: 45132 | C61: Audi A4 | D61: 2015 | E61: 25692 | F61: 31000 | G61: =IF(OR(F61="",E61=""),"",F61-E61) -> 5308 | H61: 15000 | I61: Diesel | J61: Manual | K61: Private | L61: Asia | M61: Silver | N61: Unknown | O61: =IF(E61<1000,"Outlier","Normal") -> Normal | P61: =IF(COUNTIF($A$2:$A$2501,A61)>1,"Duplicate ID","Unique ID") -> Duplicate ID | Q61: =IF(E61<5000,"0-4,999",IF(E61<10000,"5,000-9,999",IF(E61<15000,"10,000-14,999",IF(E61<20000,"15,000-19,999",IF(E61<25000,"20,000-24,999","25,000-30,000"))))) -> 25,000-30,000 | R61: =IF(COUNTIF($A$2:A61,A61)=1,1,0) -> 1
A62: 1389 | B62: 45289 | C62: Volkswagen Golf | D62: 2018 | E62: 2476 | F62: 9000 | G62: =IF(OR(F62="",E62=""),"",F62-E62) -> 6524 | H62: 40000 | I62: Unknown | J62: Unknown | K62: Dealer | L62: Europe | M62: White | N62: 2 | O62: =IF(E62<1000,"Outlier","Normal") -> Normal | P62: =IF(COUNTIF($A$2:$A$2501,A62)>1,"Duplicate ID","Unique ID") -> Duplicate ID | Q62: =IF(E62<5000,"0-4,999",IF(E62<10000,"5,000-9,999",IF(E62<15000,"10,000-14,999",IF(E62<20000,"15,000-19,999",IF(E62<25000,"20,000-24,999","25,000-30,000"))))) -> 0-4,999 | R62: =IF(COUNTIF($A$2:A62,A62)=1,1,0) -> 1
A63: 1454 | B63: 44402 | C63: BMW 3 Series | D63: 2015 | E63: 19809 | F63: 26000 | G63: =IF(OR(F63="",E63=""),"",F63-E63) -> 6191 | H63: 15000 | I63: Hybrid | J63: Manual | K63: Private | L63: Asia | M63: Silver | N63: 3 | O63: =IF(E63<1000,"Outlier","Normal") -> Normal | P63: =IF(COUNTIF($A$2:$A$2501,A63)>1,"Duplicate ID","Unique ID") -> Duplicate ID | Q63: =IF(E63<5000,"0-4,999",IF(E63<10000,"5,000-9,999",IF(E63<15000,"10,000-14,999",IF(E63<20000,"15,000-19,999",IF(E63<25000,"20,000-24,999","25,000-30,000"))))) -> 15,000-19,999 | R63: =IF(COUNTIF($A$2:A63,A63)=1,1,0) -> 1
A64: 1174 | B64: 44565 | C64: Honda Civic | D64: 2017 | E64: 19415 | F64: 26000 | G64: =IF(OR(F64="",E64=""),"",F64-E64) -> 6585 | H64: 80000 | I64: Diesel | J64: Automatic | K64: Unknown | L64: North America | M64: White | N64: 3 | O64: =IF(E64<1000,"Outlier","Normal") -> Normal | P64: =IF(COUNTIF($A$2:$A$2501,A64)>1,"Duplicate ID","Unique ID") -> Duplicate ID | Q64: =IF(E64<5000,"0-4,999",IF(E64<10000,"5,000-9,999",IF(E64<15000,"10,000-14,999",IF(E64<20000,"15,000-19,999",IF(E64<25000,"20,000-24,999","25,000-30,000"))))) -> 15,000-19,999 | R64: =IF(COUNTIF($A$2:A64,A64)=1,1,0) -> 1
A65: 1294 | B65: 45149 | C65: BMW 3 Series | D65: 2021 | E65: 16924 | F65: 18000 | G65: =IF(OR(F65="",E65=""),"",F65-E65) -> 1076 | H65: 120000 | I65: Hybrid | J65: Unknown | K65: Private | L65: South America | M65: Silver | N65: 3 | O65: =IF(E65<1000,"Outlier","Normal") -> Normal | P65: =IF(COUNTIF($A$2:$A$2501,A65)>1,"Duplicate ID","Unique ID") -> Duplicate ID | Q65: =IF(E65<5000,"0-4,999",IF(E65<10000,"5,000-9,999",IF(E65<15000,"10,000-14,999",IF(E65<20000,"15,000-19,999",IF(E65<25000,"20,000-24,999","25,000-30,000"))))) -> 15,000-19,999 | R65: =IF(COUNTIF($A$2:A65,A65)=1,1,0) -> 1
A66: 1390 | B66: 44682 | C66: Audi A4 | D66: 2017 | E66: 24127 | F66: 26000 | G66: =IF(OR(F66="",E66=""),"",F66-E66) -> 1873 | H66: 60000 | I66: Hybrid | J66: Manual | K66: Private | L66: Asia | M66: Black | N66: Unknown | O66: =IF(E66<1000,"Outlier","Normal") -> Normal | P66: =IF(COUNTIF($A$2:$A$2501,A66)>1,"Duplicate ID","Unique ID") -> Duplicate ID | Q66: =IF(E66<5000,"0-4,999",IF(E66<10000,"5,000-9,999",IF(E66<15000,"10,000-14,999",IF(E66<20000,"15,000-19,999",IF(E66<25000,"20,000-24,999","25,000-30,000"))))) -> 20,000-24,999 | R66: =IF(COUNTIF($A$2:A66,A66)=1,1,0) -> 1
A67: 1224 | B67: 44918 | C67: Toyota Corolla | E67: 28115 | F67: 31000 | G67: =IF(OR(F67="",E67=""),"",F67-E67) -> 2885 | H67: 40000 | I67: Diesel | J67: Manual | K67: Dealer | L67: Asia | M67: Blue | N67: 0 | O67: =IF(E67<1000,"Outlier","Normal") -> Normal | P67: =IF(COUNTIF($A$2:$A$2501,A67)>1,"Duplicate ID","Unique ID") -> Duplicate ID | Q67: =IF(E67<5000,"0-4,999",IF(E67<10000,"5,000-9,999",IF(E67<15000,"10,000-14,999",IF(E67<20000,"15,000-19,999",IF(E67<25000,"20,000-24,999","25,000-30,000"))))) -> 25,000-30,000 | R67: =IF(COUNTIF($A$2:A67,A67)=1,1,0) -> 1
A68: 1179 | B68: 45047 | C68: Volkswagen Golf | D68: 2016 | E68: 5324 | F68: 9000 | G68: =IF(OR(F68="",E68=""),"",F68-E68) -> 3676 | H68: 40000 | I68: Hybrid | J68: Unknown | K68: Unknown | L68: Asia | M68: White | N68: 2 | O68: =IF(E68<1000,"Outlier","Normal") -> Normal | P68: =IF(COUNTIF($A$2:$A$2501,A68)>1,"Duplicate ID","Unique ID") -> Duplicate ID | Q68: =IF(E68<5000,"0-4,999",IF(E68<10000,"5,000-9,999",IF(E68<15000,"10,000-14,999",IF(E68<20000,"15,000-19,999",IF(E68<25000,"20,000-24,999","25,000-30,000"))))) -> 5,000-9,999 | R68: =IF(COUNTIF($A$2:A68,A68)=1,1,0) -> 1
A69: 1144 | B69: 44351 | C69: Mercedes C-Class | D69: 2018 | E69: 17164 | F69: 22000 | G69: =IF(OR(F69="",E69=""),"",F69-E69) -> 4836 | H69: 15000 | I69: Electric | J69: Unknown | K69: Private | L69: Europe | M69: Blue | N69: 0 | O69: =IF(E69<1000,"Outlier","Normal") -> Normal | P69: =IF(COUNTIF($A$2:$A$2501,A69)>1,"Duplicate ID","Unique ID") -> Duplicate ID | Q69: =IF(E69<5000,"0-4,999",IF(E69<10000,"5,000-9,999",IF(E69<15000,"10,000-14,999",IF(E69<20000,"15,000-19,999",IF(E69<25000,"20,000-24,999","25,000-30,000"))))) -> 15,000-19,999 | R69: =IF(COUNTIF($A$2:A69,A69)=1,1,0) -> 1
A70: 1598 | B70: 44733 | C70: BMW 3 Series | D70: 2022 | E70: 4981 | F70: 9000 | G70: =IF(OR(F70="",E70=""),"",F70-E70) -> 4019 | H70: 60000 | I70: Diesel | J70: Automatic | K70: Dealer | L70: Unknown | M70: Silver | N70: Unknown | O70: =IF(E70<1000,"Outlier","Normal") -> Normal | P70: =IF(COUNTIF($A$2:$A$2501,A70)>1,"Duplicate ID","Unique ID") -> Duplicate ID | Q70: =IF(E70<5000,"0-4,999",IF(E70<10000,"5,000-9,999",IF(E70<15000,"10,000-14,999",IF(E70<20000,"15,000-19,999",IF(E70<25000,"20,000-24,999","25,000-30,000"))))) -> 0-4,999 | R70: =IF(COUNTIF($A$2:A70,A70)=1,1,0) -> 1
A71: 1418 | B71: 44815 | C71: BMW 3 Series | D71: 2018 | E71: 4197 | F71: 9000 | G71: =IF(OR(F71="",E71=""),"",F71-E71) -> 4803 | H71: 120000 | I71: Unknown | J71: Manual | K71: Dealer | L71: North America | M71: Unknown | N71: 1 | O71: =IF(E71<1000,"Outlier","Normal") -> Normal | P71: =IF(COUNTIF($A$2:$A$2501,A71)>1,"Duplicate ID","Unique ID") -> Duplicate ID | Q71: =IF(E71<5000,"0-4,999",IF(E71<10000,"5,000-9,999",IF(E71<15000,"10,000-14,999",IF(E71<20000,"15,000-19,999",IF(E71<25000,"20,000-24,999","25,000-30,000"))))) -> 0-4,999 | R71: =IF(COUNTIF($A$2:A71,A71)=1,1,0) -> 1
A72: 1429 | B72: 45303 | C72: Volkswagen Golf | D72: 2021 | E72: 15295 | F72: 22000 | G72: =IF(OR(F72="",E72=""),"",F72-E72) -> 6705 | H72: 120000 | I72: Petrol | J72: Automatic | K72: Unknown | L72: South America | M72: Silver | N72: 0 | O72: =IF(E72<1000,"Outlier","Normal") -> Normal | P72: =IF(COUNTIF($A$2:$A$2501,A72)>1,"Duplicate ID","Unique ID") -> Duplicate ID | Q72: =IF(E72<5000,"0-4,999",IF(E72<10000,"5,000-9,999",IF(E72<15000,"10,000-14,999",IF(E72<20000,"15,000-19,999",IF(E72<25000,"20,000-24,999","25,000-30,000"))))) -> 15,000-19,999 | R72: =IF(COUNTIF($A$2:A72,A72)=1,1,0) -> 0
A73: 1101 | B73: 44939 | C73: Volkswagen Golf | D73: 2017 | E73: 28066 | F73: 31000 | G73: =IF(OR(F73="",E73=""),"",F73-E73) -> 2934 | H73: 60000 | I73: Hybrid | J73: Manual | K73: Private | L73: Asia | M73: White | N73: 0 | O73: =IF(E73<1000,"Outlier","Normal") -> Normal | P73: =IF(COUNTIF($A$2:$A$2501,A73)>1,"Duplicate ID","Unique ID") -> Duplicate ID | Q73: =IF(E73<5000,"0-4,999",IF(E73<10000,"5,000-9,999",IF(E73<15000,"10,000-14,999",IF(E73<20000,"15,000-19,999",IF(E73<25000,"20,000-24,999","25,000-30,000"))))) -> 25,000-30,000 | R73: =IF(COUNTIF($A$2:A73,A73)=1,1,0) -> 1
A74: 1051 | B74: 44240 | C74: Mercedes C-Class | D74: 2015 | E74: 8762 | F74: 15000 | G74: =IF(OR(F74="",E74=""),"",F74-E74) -> 6238 | H74: 120000 | I74: Diesel | J74: Manual | K74: Unknown | L74: North America | M74: White | N74: 1 | O74: =IF(E74<1000,"Outlier","Normal") -> Normal | P74: =IF(COUNTIF($A$2:$A$2501,A74)>1,"Duplicate ID","Unique ID") -> Duplicate ID | Q74: =IF(E74<5000,"0-4,999",IF(E74<10000,"5,000-9,999",IF(E74<15000,"10,000-14,999",IF(E74<20000,"15,000-19,999",IF(E74<25000,"20,000-24,999","25,000-30,000"))))) -> 5,000-9,999 | R74: =IF(COUNTIF($A$2:A74,A74)=1,1,0) -> 1
A75: 1553 | B75: 44463 | C75: Audi A4 | D75: 2016 | E75: 4815 | F75: 7000 | G75: =IF(OR(F75="",E75=""),"",F75-E75) -> 2185 | H75: 40000 | I75: Petrol | J75: Manual | K75: Dealer | L75: Asia | M75: White | N75: Unknown | O75: =IF(E75<1000,"Outlier","Normal") -> Normal | P75: =IF(COUNTIF($A$2:$A$2501,A75)>1,"Duplicate ID","Unique ID") -> Duplicate ID | Q75: =IF(E75<5000,"0-4,999",IF(E75<10000,"5,000-9,999",IF(E75<15000,"10,000-14,999",IF(E75<20000,"15,000-19,999",IF(E75<25000,"20,000-24,999","25,000-30,000"))))) -> 0-4,999 | R75: =IF(COUNTIF($A$2:A75,A75)=1,1,0) -> 1
A76: 1431 | B76: 44456 | C76: Audi A4 | D76: 2014 | E76: 10571 | F76: 12000 | G76: =IF(OR(F76="",E76=""),"",F76-E76) -> 1429 | H76: 40000 | I76: Hybrid | J76: Unknown | K76: Unknown | L76: Europe | M76: Blue | N76: Unknown | O76: =IF(E76<1000,"Outlier","Normal") -> Normal | P76: =IF(COUNTIF($A$2:$A$2501,A76)>1,"Duplicate ID","Unique ID") -> Duplicate ID | Q76: =IF(E76<5000,"0-4,999",IF(E76<10000,"5,000-9,999",IF(E76<15000,"10,000-14,999",IF(E76<20000,"15,000-19,999",IF(E76<25000,"20,000-24,999","25,000-30,000"))))) -> 10,000-14,999 | R76: =IF(COUNTIF($A$2:A76,A76)=1,1,0) -> 1
A77: 1308 | B77: 45264 | C77: BMW 3 Series | E77: 603 | F77: 7000 | G77: =IF(OR(F77="",E77=""),"",F77-E77) -> 6397 | H77: 120000 | I77: Unknown | J77: Automatic | K77: Private | L77: Europe | M77: Blue | N77: 3 | O77: =IF(E77<1000,"Outlier","Normal") -> Outlier | P77: =IF(COUNTIF($A$2:$A$2501,A77)>1,"Duplicate ID","Unique ID") -> Duplicate ID | Q77: =IF(E77<5000,"0-4,999",IF(E77<10000,"5,000-9,999",IF(E77<15000,"10,000-14,999",IF(E77<20000,"15,000-19,999",IF(E77<25000,"20,000-24,999","25,000-30,000"))))) -> 0-4,999 | R77: =IF(COUNTIF($A$2:A77,A77)=1,1,0) -> 1
A78: 1129 | B78: 44331 | C78: Toyota Corolla | D78: 2015 | E78: 19785 | F78: 22000 | G78: =IF(OR(F78="",E78=""),"",F78-E78) -> 2215 | H78: 80000 | I78: Hybrid | J78: Automatic | K78: Unknown | L78: Unknown | M78: Silver | N78: 3 | O78: =IF(E78<1000,"Outlier","Normal") -> Normal | P78: =IF(COUNTIF($A$2:$A$2501,A78)>1,"Duplicate ID","Unique ID") -> Duplicate ID | Q78: =IF(E78<5000,"0-4,999",IF(E78<10000,"5,000-9,999",IF(E78<15000,"10,000-14,999",IF(E78<20000,"15,000-19,999",IF(E78<25000,"20,000-24,999","25,000-30,000"))))) -> 15,000-19,999 | R78: =IF(COUNTIF($A$2:A78,A78)=1,1,0) -> 1
A79: 1220 | B79: 45326 | C79: Mercedes C-Class | D79: 2015 | E79: 2668 | F79: 9000 | G79: =IF(OR(F79="",E79=""),"",F79-E79) -> 6332 | H79: 120000 | I79: Unknown | J79: Automatic | K79: Private | L79: Europe | M79: Silver | N79: 3 | O79: =IF(E79<1000,"Outlier","Normal") -> Normal | P79: =IF(COUNTIF($A$2:$A$2501,A79)>1,"Duplicate ID","Unique ID") -> Duplicate ID | Q79: =IF(E79<5000,"0-4,999",IF(E79<10000,"5,000-9,999",IF(E79<15000,"10,000-14,999",IF(E79<20000,"15,000-19,999",IF(E79<25000,"20,000-24,999","25,000-30,000"))))) -> 0-4,999 | R79: =IF(COUNTIF($A$2:A79,A79)=1,1,0) -> 1
A80: 1068 | B80: 45168 | C80: Audi A4 | D80: 2018 | E80: 15750 | F80: 18000 | G80: =IF(OR(F80="",E80=""),"",F80-E80) -> 2250 | H80: 40000 | I80: Hybrid | J80: Manual | K80: Unknown | L80: Europe | M80: Unknown | N80: Unknown | O80: =IF(E80<1000,"Outlier","Normal") -> Normal | P80: =IF(COUNTIF($A$2:$A$2501,A80)>1,"Duplicate ID","Unique ID") -> Duplicate ID | Q80: =IF(E80<5000,"0-4,999",IF(E80<10000,"5,000-9,999",IF(E80<15000,"10,000-14,999",IF(E80<20000,"15,000-19,999",IF(E80<25000,"20,000-24,999","25,000-30,000"))))) -> 15,000-19,999 | R80: =IF(COUNTIF($A$2:A80,A80)=1,1,0) -> 1
A81: 1052 | B81: 45063 | C81: Audi A4 | D81: 2018 | E81: 5104 | F81: 9000 | G81: =IF(OR(F81="",E81=""),"",F81-E81) -> 3896 | H81: 60000 | I81: Diesel | J81: Manual | K81: Private | L81: North America | M81: Black | N81: 2 | O81: =IF(E81<1000,"Outlier","Normal") -> Normal | P81: =IF(COUNTIF($A$2:$A$2501,A81)>1,"Duplicate ID","Unique ID") -> Duplicate ID | Q81: =IF(E81<5000,"0-4,999",IF(E81<10000,"5,000-9,999",IF(E81<15000,"10,000-14,999",IF(E81<20000,"15,000-19,999",IF(E81<25000,"20,000-24,999","25,000-30,000"))))) -> 5,000-9,999 | R81: =IF(COUNTIF($A$2:A81,A81)=1,1,0) -> 1
A82: 1574 | B82: 45075 | C82: Volkswagen Golf | D82: 2015 | E82: 15148 | F82: 18000 | G82: =IF(OR(F82="",E82=""),"",F82-E82) -> 2852 | H82: 80000 | I82: Petrol | J82: Unknown | K82: Private | L82: Europe | M82: White | N82: 2 | O82: =IF(E82<1000,"Outlier","Normal") -> Normal | P82: =IF(COUNTIF($A$2:$A$2501,A82)>1,"Duplicate ID","Unique ID") -> Duplicate ID | Q82: =IF(E82<5000,"0-4,999",IF(E82<10000,"5,000-9,999",IF(E82<15000,"10,000-14,999",IF(E82<20000,"15,000-19,999",IF(E82<25000,"20,000-24,999","25,000-30,000"))))) -> 15,000-19,999 | R82: =IF(COUNTIF($A$2:A82,A82)=1,1,0) -> 1
A83: 1579 | B83: 44490 | C83: Audi A4 | D83: 2019 | E83: 19514 | F83: 22000 | G83: =IF(OR(F83="",E83=""),"",F83-E83) -> 2486 | H83: 15000 | I83: Petrol | J83: Manual | K83: Unknown | L83: North America | M83: Blue | N83: 3 | O83: =IF(E83<1000,"Outlier","Normal") -> Normal | P83: =IF(COUNTIF($A$2:$A$2501,A83)>1,"Duplicate ID","Unique ID") -> Duplicate ID | Q83: =IF(E83<5000,"0-4,999",IF(E83<10000,"5,000-9,999",IF(E83<15000,"10,000-14,999",IF(E83<20000,"15,000-19,999",IF(E83<25000,"20,000-24,999","25,000-30,000"))))) -> 15,000-19,999 | R83: =IF(COUNTIF($A$2:A83,A83)=1,1,0) -> 0
A84: 1581 | B84: 44861 | C84: Mercedes C-Class | D84: 2019 | E84: 8448 | F84: 12000 | G84: =IF(OR(F84="",E84=""),"",F84-E84) -> 3552 | H84: 40000 | I84: Petrol | J84: Manual | K84: Private | L84: South America | M84: Blue | N84: 3 | O84: =IF(E84<1000,"Outlier","Normal") -> Normal | P84: =IF(COUNTIF($A$2:$A$2501,A84)>1,"Duplicate ID","Unique ID") -> Duplicate ID | Q84: =IF(E84<5000,"0-4,999",IF(E84<10000,"5,000-9,999",IF(E84<15000,"10,000-14,999",IF(E84<20000,"15,000-19,999",IF(E84<25000,"20,000-24,999","25,000-30,000"))))) -> 5,000-9,999 | R84: =IF(COUNTIF($A$2:A84,A84)=1,1,0) -> 1
A85: 1353 | B85: 44430 | C85: Mercedes C-Class | D85: 2020 | E85: 12803 | F85: 18000 | G85: =IF(OR(F85="",E85=""),"",F85-E85) -> 5197 | H85: 25000 | I85: Unknown | J85: Unknown | K85: Private | L85: Europe | M85: White | N85: 3 | O85: =IF(E85<1000,"Outlier","Normal") -> Normal | P85: =IF(COUNTIF($A$2:$A$2501,A85)>1,"Duplicate ID","Unique ID") -> Duplicate ID | Q85: =IF(E85<5000,"0-4,999",IF(E85<10000,"5,000-9,999",IF(E85<15000,"10,000-14,999",IF(E85<20000,"15,000-19,999",IF(E85<25000,"20,000-24,999","25,000-30,000"))))) -> 10,000-14,999 | R85: =IF(COUNTIF($A$2:A85,A85)=1,1,0) -> 1
A86: 1261 | B86: 44478 | C86: Toyota Corolla | D86: 2014 | E86: 12270 | F86: 15000 | G86: =IF(OR(F86="",E86=""),"",F86-E86) -> 2730 | H86: 40000 | I86: Electric | J86: Manual | K86: Dealer | L86: South America | M86: Unknown | N86: 1 | O86: =IF(E86<1000,"Outlier","Normal") -> Normal | P86: =IF(COUNTIF($A$2:$A$2501,A86)>1,"Duplicate ID","Unique ID") -> Duplicate ID | Q86: =IF(E86<5000,"0-4,999",IF(E86<10000,"5,000-9,999",IF(E86<15000,"10,000-14,999",IF(E86<20000,"15,000-19,999",IF(E86<25000,"20,000-24,999","25,000-30,000"))))) -> 10,000-14,999 | R86: =IF(COUNTIF($A$2:A86,A86)=1,1,0) -> 1
A87: 1019 | B87: 45090 | C87: Volkswagen Golf | D87: 2015 | E87: 24654 | F87: 26000 | G87: =IF(OR(F87="",E87=""),"",F87-E87) -> 1346 | H87: 120000 | I87: Electric | J87: Unknown | K87: Private | L87: South America | M87: Silver | N87: 0 | O87: =IF(E87<1000,"Outlier","Normal") -> Normal | P87: =IF(COUNTIF($A$2:$A$2501,A87)>1,"Duplicate ID","Unique ID") -> Duplicate ID | Q87: =IF(E87<5000,"0-4,999",IF(E87<10000,"5,000-9,999",IF(E87<15000,"10,000-14,999",IF(E87<20000,"15,000-19,999",IF(E87<25000,"20,000-24,999","25,000-30,000"))))) -> 20,000-24,999 | R87: =IF(COUNTIF($A$2:A87,A87)=1,1,0) -> 1
A88: 1370 | B88: 45139 | C88: Volkswagen Golf | D88: 2014 | E88: 15937 | F88: 22000 | G88: =IF(OR(F88="",E88=""),"",F88-E88) -> 6063 | H88: 25000 | I88: Electric | J88: Unknown | K88: Dealer | L88: South America | M88: Silver | N88: 2 | O88: =IF(E88<1000,"Outlier","Normal") -> Normal | P88: =IF(COUNTIF($A$2:$A$2501,A88)>1,"Duplicate ID","Unique ID") -> Duplicate ID | Q88: =IF(E88<5000,"0-4,999",IF(E88<10000,"5,000-9,999",IF(E88<15000,"10,000-14,999",IF(E88<20000,"15,000-19,999",IF(E88<25000,"20,000-24,999","25,000-30,000"))))) -> 15,000-19,999 | R88: =IF(COUNTIF($A$2:A88,A88)=1,1,0) -> 1
A89: 1543 | B89: 44430 | C89: BMW 3 Series | D89: 2019 | E89: 6819 | F89: 12000 | G89: =IF(OR(F89="",E89=""),"",F89-E89) -> 5181 | H89: 15000 | I89: Diesel | J89: Manual | K89: Dealer | L89: North America | M89: Silver | N89: 1 | O89: =IF(E89<1000,"Outlier","Normal") -> Normal | P89: =IF(COUNTIF($A$2:$A$2501,A89)>1,"Duplicate ID","Unique ID") -> Duplicate ID | Q89: =IF(E89<5000,"0-4,999",IF(E89<10000,"5,000-9,999",IF(E89<15000,"10,000-14,999",IF(E89<20000,"15,000-19,999",IF(E89<25000,"20,000-24,999","25,000-30,000"))))) -> 5,000-9,999 | R89: =IF(COUNTIF($A$2:A89,A89)=1,1,0) -> 1
A90: 1505 | B90: 44559 | C90: Ford Focus | E90: 10383 | F90: 12000 | G90: =IF(OR(F90="",E90=""),"",F90-E90) -> 1617 | H90: 120000 | I90: Hybrid | J90: Automatic | K90: Dealer | L90: South America | M90: Black | N90: 3 | O90: =IF(E90<1000,"Outlier","Normal") -> Normal | P90: =IF(COUNTIF($A$2:$A$2501,A90)>1,"Duplicate ID","Unique ID") -> Duplicate ID | Q90: =IF(E90<5000,"0-4,999",IF(E90<10000,"5,000-9,999",IF(E90<15000,"10,000-14,999",IF(E90<20000,"15,000-19,999",IF(E90<25000,"20,000-24,999","25,000-30,000"))))) -> 10,000-14,999 | R90: =IF(COUNTIF($A$2:A90,A90)=1,1,0) -> 1
A91: 1360 | B91: 44312 | C91: Mercedes C-Class | D91: 2018 | E91: 12156 | F91: 18000 | G91: =IF(OR(F91="",E91=""),"",F91-E91) -> 5844 | H91: 40000 | I91: Petrol | J91: Automatic | K91: Private | L91: Europe | M91: Black | N91: Unknown | O91: =IF(E91<1000,"Outlier","Normal") -> Normal | P91: =IF(COUNTIF($A$2:$A$2501,A91)>1,"Duplicate ID","Unique ID") -> Duplicate ID | Q91: =IF(E91<5000,"0-4,999",IF(E91<10000,"5,000-9,999",IF(E91<15000,"10,000-14,999",IF(E91<20000,"15,000-19,999",IF(E91<25000,"20,000-24,999","25,000-30,000"))))) -> 10,000-14,999 | R91: =IF(COUNTIF($A$2:A91,A91)=1,1,0) -> 1
A92: 1329 | B92: 44582 | C92: Volkswagen Golf | D92: 2021 | E92: 1317 | F92: 7000 | G92: =IF(OR(F92="",E92=""),"",F92-E92) -> 5683 | H92: 60000 | I92: Unknown | J92: Manual | K92: Private | L92: Europe | M92: Unknown | N92: 1 | O92: =IF(E92<1000,"Outlier","Normal") -> Normal | P92: =IF(COUNTIF($A$2:$A$2501,A92)>1,"Duplicate ID","Unique ID") -> Duplicate ID | Q92: =IF(E92<5000,"0-4,999",IF(E92<10000,"5,000-9,999",IF(E92<15000,"10,000-14,999",IF(E92<20000,"15,000-19,999",IF(E92<25000,"20,000-24,999","25,000-30,000"))))) -> 0-4,999 | R92: =IF(COUNTIF($A$2:A92,A92)=1,1,0) -> 1
A93: 1162 | B93: 45267 | C93: Toyota Corolla | D93: 2017 | E93: 25707 | F93: 31000 | G93: =IF(OR(F93="",E93=""),"",F93-E93) -> 5293 | H93: 60000 | I93: Hybrid | J93: Unknown | K93: Dealer | L93: Asia | M93: Black | N93: 2 | O93: =IF(E93<1000,"Outlier","Normal") -> Normal | P93: =IF(COUNTIF($A$2:$A$2501,A93)>1,"Duplicate ID","Unique ID") -> Duplicate ID | Q93: =IF(E93<5000,"0-4,999",IF(E93<10000,"5,000-9,999",IF(E93<15000,"10,000-14,999",IF(E93<20000,"15,000-19,999",IF(E93<25000,"20,000-24,999","25,000-30,000"))))) -> 25,000-30,000 | R93: =IF(COUNTIF($A$2:A93,A93)=1,1,0) -> 1
A94: 1341 | B94: 44504 | C94: Honda Civic | D94: 2022 | E94: 22936 | F94: 26000 | G94: =IF(OR(F94="",E94=""),"",F94-E94) -> 3064 | H94: 40000 | I94: Hybrid | J94: Automatic | K94: Dealer | L94: Europe | M94: Silver | N94: Unknown | O94: =IF(E94<1000,"Outlier","Normal") -> Normal | P94: =IF(COUNTIF($A$2:$A$2501,A94)>1,"Duplicate ID","Unique ID") -> Duplicate ID | Q94: =IF(E94<5000,"0-4,999",IF(E94<10000,"5,000-9,999",IF(E94<15000,"10,000-14,999",IF(E94<20000,"15,000-19,999",IF(E94<25000,"20,000-24,999","25,000-30,000"))))) -> 20,000-24,999 | R94: =IF(COUNTIF($A$2:A94,A94)=1,1,0) -> 1
A95: 1095 | B95: 45275 | C95: Volkswagen Golf | D95: 2018 | E95: 15511 | F95: 22000 | G95: =IF(OR(F95="",E95=""),"",F95-E95) -> 6489 | H95: 25000 | I95: Hybrid | J95: Automatic | K95: Dealer | L95: North America | M95: Silver | N95: 3 | O95: =IF(E95<1000,"Outlier","Normal") -> Normal | P95: =IF(COUNTIF($A$2:$A$2501,A95)>1,"Duplicate ID","Unique ID") -> Duplicate ID | Q95: =IF(E95<5000,"0-4,999",IF(E95<10000,"5,000-9,999",IF(E95<15000,"10,000-14,999",IF(E95<20000,"15,000-19,999",IF(E95<25000,"20,000-24,999","25,000-30,000"))))) -> 15,000-19,999 | R95: =IF(COUNTIF($A$2:A95,A95)=1,1,0) -> 1
A96: 1103 | B96: 44802 | C96: Ford Focus | D96: 2017 | E96: 10368 | F96: 12000 | G96: =IF(OR(F96="",E96=""),"",F96-E96) -> 1632 | H96: 25000 | I96: Petrol | J96: Automatic | K96: Unknown | L96: North America | M96: Blue | N96: 1 | O96: =IF(E96<1000,"Outlier","Normal") -> Normal | P96: =IF(COUNTIF($A$2:$A$2501,A96)>1,"Duplicate ID","Unique ID") -> Duplicate ID | Q96: =IF(E96<5000,"0-4,999",IF(E96<10000,"5,000-9,999",IF(E96<15000,"10,000-14,999",IF(E96<20000,"15,000-19,999",IF(E96<25000,"20,000-24,999","25,000-30,000"))))) -> 10,000-14,999 | R96: =IF(COUNTIF($A$2:A96,A96)=1,1,0) -> 1
A97: 1420 | B97: 44286 | C97: Ford Focus | D97: 2016 | E97: 7415 | F97: 12000 | G97: =IF(OR(F97="",E97=""),"",F97-E97) -> 4585 | H97: 120000 | I97: Hybrid | J97: Automatic | K97: Dealer | L97: Unknown | M97: White | N97: 2 | O97: =IF(E97<1000,"Outlier","Normal") -> Normal | P97: =IF(COUNTIF($A$2:$A$2501,A97)>1,"Duplicate ID","Unique ID") -> Duplicate ID | Q97: =IF(E97<5000,"0-4,999",IF(E97<10000,"5,000-9,999",IF(E97<15000,"10,000-14,999",IF(E97<20000,"15,000-19,999",IF(E97<25000,"20,000-24,999","25,000-30,000"))))) -> 5,000-9,999 | R97: =IF(COUNTIF($A$2:A97,A97)=1,1,0) -> 1
A98: 1472 | B98: 45099 | C98: Mercedes C-Class | D98: 2017 | E98: 16328 | F98: 22000 | G98: =IF(OR(F98="",E98=""),"",F98-E98) -> 5672 | H98: 120000 | I98: Electric | J98: Manual | K98: Dealer | L98: North America | M98: Silver | N98: 0 | O98: =IF(E98<1000,"Outlier","Normal") -> Normal | P98: =IF(COUNTIF($A$2:$A$2501,A98)>1,"Duplicate ID","Unique ID") -> Duplicate ID | Q98: =IF(E98<5000,"0-4,999",IF(E98<10000,"5,000-9,999",IF(E98<15000,"10,000-14,999",IF(E98<20000,"15,000-19,999",IF(E98<25000,"20,000-24,999","25,000-30,000"))))) -> 15,000-19,999 | R98: =IF(COUNTIF($A$2:A98,A98)=1,1,0) -> 0
A99: 1291 | B99: 44452 | C99: Mercedes C-Class | D99: 2019 | E99: 3774 | F99: 9000 | G99: =IF(OR(F99="",E99=""),"",F99-E99) -> 5226 | H99: 120000 | I99: Diesel | J99: Automatic | K99: Dealer | L99: North America | M99: Blue | N99: 2 | O99: =IF(E99<1000,"Outlier","Normal") -> Normal | P99: =IF(COUNTIF($A$2:$A$2501,A99)>1,"Duplicate ID","Unique ID") -> Duplicate ID | Q99: =IF(E99<5000,"0-4,999",IF(E99<10000,"5,000-9,999",IF(E99<15000,"10,000-14,999",IF(E99<20000,"15,000-19,999",IF(E99<25000,"20,000-24,999","25,000-30,000"))))) -> 0-4,999 | R99: =IF(COUNTIF($A$2:A99,A99)=1,1,0) -> 1
A100: 1241 | B100: 44962 | C100: Toyota Corolla | D100: 2020 | E100: 1888 | F100: 7000 | G100: =IF(OR(F100="",E100=""),"",F100-E100) -> 5112 | H100: 60000 | I100: Hybrid | J100: Manual | K100: Private | L100: North America | M100: White | N100: 0 | O100: =IF(E100<1000,"Outlier","Normal") -> Normal | P100: =IF(COUNTIF($A$2:$A$2501,A100)>1,"Duplicate ID","Unique ID") -> Duplicate ID | Q100: =IF(E100<5000,"0-4,999",IF(E100<10000,"5,000-9,999",IF(E100<15000,"10,000-14,999",IF(E100<20000,"15,000-19,999",IF(E100<25000,"20,000-24,999","25,000-30,000"))))) -> 0-4,999 | R100: =IF(COUNTIF($A$2:A100,A100)=1,1,0) -> 1
...

Sheet 3_Pivot
A1: Summary Tables
A3: Selling Price Distribution | D3: Average Selling Price by Fuel Type | G3: Average Selling Price by Car Model | J3: Count of Cars by Region
A4: Price_Range | B4: Count | D4: Fuel_Type | E4: Avg_Selling_Price | G4: Car_Model | H4: Avg_Selling_Price | J4: Region | K4: Count
A5: 0-4,999 | B5: =COUNTIF(CleanData[Price_Range],A5) -> 430 | D5: Diesel | E5: =IFERROR(AVERAGEIF(CleanData[Fuel_Type],D5,CleanData[Selling_Price]),0) -> 12874.443 | G5: Audi A4 | H5: =IFERROR(AVERAGEIF(CleanData[Car_Model],G5,CleanData[Selling_Price]),0) -> 14287.551 | J5: Asia | K5: =COUNTIF(CleanData[Region],J5) -> 551
A6: 5,000-9,999 | B6: =COUNTIF(CleanData[Price_Range],A6) -> 579 | D6: Electric | E6: =IFERROR(AVERAGEIF(CleanData[Fuel_Type],D6,CleanData[Selling_Price]),0) -> 13768.788 | G6: BMW 3 Series | H6: =IFERROR(AVERAGEIF(CleanData[Car_Model],G6,CleanData[Selling_Price]),0) -> 13054.642 | J6: Europe | K6: =COUNTIF(CleanData[Region],J6) -> 559
A7: 10,000-14,999 | B7: =COUNTIF(CleanData[Price_Range],A7) -> 461 | D7: Hybrid | E7: =IFERROR(AVERAGEIF(CleanData[Fuel_Type],D7,CleanData[Selling_Price]),0) -> 13711.239 | G7: Ford Focus | H7: =IFERROR(AVERAGEIF(CleanData[Car_Model],G7,CleanData[Selling_Price]),0) -> 13074.45 | J7: North America | K7: =COUNTIF(CleanData[Region],J7) -> 549
A8: 15,000-19,999 | B8: =COUNTIF(CleanData[Price_Range],A8) -> 427 | D8: Petrol | E8: =IFERROR(AVERAGEIF(CleanData[Fuel_Type],D8,CleanData[Selling_Price]),0) -> 13302.504 | G8: Honda Civic | H8: =IFERROR(AVERAGEIF(CleanData[Car_Model],G8,CleanData[Selling_Price]),0) -> 13205.453 | J8: South America | K8: =COUNTIF(CleanData[Region],J8) -> 570
A9: 20,000-24,999 | B9: =COUNTIF(CleanData[Price_Range],A9) -> 345 | D9: Unknown | E9: =IFERROR(AVERAGEIF(CleanData[Fuel_Type],D9,CleanData[Selling_Price]),0) -> 13259.554 | G9: Mercedes C-Class | H9: =IFERROR(AVERAGEIF(CleanData[Car_Model],G9,CleanData[Selling_Price]),0) -> 12959.494 | J9: Unknown | K9: =COUNTIF(CleanData[Region],J9) -> 271
A10: 25,000-30,000 | B10: =COUNTIF(CleanData[Price_Range],A10) -> 258 | G10: Toyota Corolla | H10: =IFERROR(AVERAGEIF(CleanData[Car_Model],G10,CleanData[Selling_Price]),0) -> 13550.837
G11: Volkswagen Golf | H11: =IFERROR(AVERAGEIF(CleanData[Car_Model],G11,CleanData[Selling_Price]),0) -> 13548.279

Sheet 4_Charts
A1: Dashboard Charts
